feature_id,capability,subcap,release,title_ar,value_ar,actors_ar,screens,ucs,new_ui,new_plt,new_int,new_ops,notes
FEAT-ORG-TENANT-LIFECYCLE,CAP-01,CAP-01.01,R1,دورة حياة المستأجر,يتيح لمشغل المنصة إنشاء مستأجر جديد معزول وجاهز للاستخدام ومتابعة حالته وتعليقه أو إعادته أو إخراجه من الخدمة بأمان.,مشغل المنصة؛ مسؤول المستأجر؛ النظام,SCR-60,UC-080,2,2,0,3,Includes system completion/failure of provisioning and decommissioning.
FEAT-ORG-STRUCTURE,CAP-01,CAP-01.01,R1,الهيكل التنظيمي,يتيح للمسؤول بناء المؤسسة ووحداتها التنظيمية وتعديلها، ويمكّن كل مستخدم من رؤية شجرة المؤسسة.,المسؤول؛ مستخدم المستأجر,SCR-61,UC-081,2,1,1,1,
FEAT-ORG-USER-ACCOUNTS,CAP-01,CAP-01.02,R1,إدارة حسابات المستخدمين,يتيح للمسؤول ومسؤول الأمن إنشاء حسابات المستخدمين وتعطيلها وقفلها وإغلاقها والبحث فيها، مع بقائها متزامنة مع مزود الهوية.,المسؤول؛ مسؤول الأمن؛ خدمة مزامنة الحسابات (SCIM)؛ المستخدم,SCR-62,UC-084,2,0,1,2,Lock/unlock by Security Officer kept here (same account lifecycle).
FEAT-ORG-SIGN-IN,CAP-01,CAP-01.02,R1,الدخول الموحد وربط الهويات,يتيح للمستخدم الدخول بحسابه المؤسسي عبر مزود الهوية الخارجي دون كلمة مرور خاصة بالمنصة، ويتيح للمسؤول ربط الهويات الخارجية بالحساب.,المستخدم؛ المسؤول؛ النظام,SCR-62,UC-084,2,1,3,2,"Mostly new stories: OIDC/SAML/SCIM setup, MFA, session handling."
FEAT-ORG-PERSONS,CAP-01,CAP-01.02,R1,سجل الأشخاص,يتيح للمسؤول تسجيل الأشخاص العاملين في المؤسسة وتحديث بياناتهم وإيقافهم أو إعادتهم بشكل مستقل عن حساباتهم.,المسؤول,SCR-62,UC-084,1,0,1,1,PER-ERASE placed in FEAT-GOV-ERASURE (executes an approved erasure order).
FEAT-ORG-SERVICE-ACCOUNTS,CAP-01,CAP-01.02,R1,حسابات الخدمة للأنظمة,يتيح للمسؤول منح الأنظمة المتكاملة حسابات خاصة بها يمكن تعطيلها وتجديد بيانات اعتمادها وإغلاقها دون المساس بحسابات الأشخاص.,المسؤول,SCR-62;SCR-65,UC-084,1,0,1,2,
FEAT-ORG-HR-SYNC,CAP-01,CAP-01.02,R1,مزامنة تغييرات الموارد البشرية,يحوّل تغييرات الوظيفة أو الوحدة القادمة من نظام الموارد البشرية إلى مقترحات يعتمدها المسؤول أو يرفضها قبل أن تتغير صلاحيات أي شخص.,المسؤول؛ مسؤول الأمن؛ النظام,SCR-06,UC-084,1,0,2,1,HRIS queue is R2 on SCR-06 per screen list.
FEAT-ORG-AUTHORITY-GRANTS,CAP-01,CAP-01.03,R1,منح صلاحيات القرار,يحدد بوضوح من يملك سلطة اتخاذ كل نوع من القرارات وفي أي نطاق وحدود ومدة، مع اعتماد المنح وتعليقه وسحبه وانتهائه تلقائيًا.,حامل صلاحية منح السلطة؛ التنفيذي؛ المسؤول؛ صاحب السلطة؛ النظام,SCR-62,UC-082;UC-032;UC-035,1,0,0,1,
FEAT-ORG-DELEGATION,CAP-01,CAP-01.03,R1,تفويض السلطة والتحقق منها,يتيح لصاحب السلطة تفويض جزء من سلطته لغيره لمدة محددة دون تجاوز حدوده، ويتيح للمنصة التأكد قبل أي قرار أن صاحبه مخوّل به.,صاحب السلطة؛ المفوَّض إليه؛ الخدمات الداخلية,SCR-62;SCR-05,UC-083;UC-032;UC-035,2,1,0,1,Small (2) but distinct user goal (UC-083); authority check is consumed by decision/plan approval.
FEAT-ORG-ROLES,CAP-01,CAP-01.04,R1,تعريف الأدوار وصلاحياتها,يتيح للمسؤول تعريف أدوار العمل وتحديد ما يسمح به كل دور من عرض وتعديل وتصدير واعتماد، وتفعيل الأدوار أو إحالتها للتقاعد.,المسؤول,SCR-62,UC-086,1,0,0,1,
FEAT-ORG-ROLE-ASSIGNMENT,CAP-01,CAP-01.04,R1,إسناد الأدوار للمستخدمين,يتيح للمسؤول منح المستخدمين أدوارهم في نطاق محدد ولمدة محددة، وسحبها يدويًا أو تلقائيًا عند انتهاء مدتها.,المسؤول؛ النظام,SCR-62,UC-086;UC-035;UC-044,1,0,0,1,Own caps also list CAP-07.02/07.03 (assignment used by operations); kept here.
FEAT-ORG-ACCESS-POLICY,CAP-01,CAP-01.04,R1,إدارة سياسات الوصول,يتيح لمسؤول الأمن صياغة قواعد الوصول واختبارها وتقديمها للاعتماد ثم تطبيقها من تاريخ سريان محدد مع حفظ كل نسخة.,مسؤول الأمن؛ المدقق؛ النظام,SCR-68,UC-086,2,0,0,1,Primary guess was CAP-13.01; placed in CAP-01.04 'سياسات الوصول' because the policy set is the access policy (UC-086). Owner to confirm.
FEAT-ORG-ACCESS-ENFORCE,CAP-01,CAP-01.04,R1,فحص الوصول قبل كل طلب,يضمن فحص كل عرض أو بحث أو تصدير أو طلب للخريطة أو للمساعد الذكي قبل جلب البيانات، فيُمنع أو يُحجب جزئيًا ما لا يحق للمستخدم رؤيته ويُرفض الطلب إذا تعذر الفحص.,المستخدم؛ النظام,-,-,2,2,0,2,No existing stories here; US-BC08-Q-PDP (policy decision query) is assigned to another group and may belong here.
FEAT-COL-REQ-REQUEST,CAP-02,CAP-02.01,R2,طلب حاجة معلوماتية,يتيح للمحلل أن يصوغ سؤاله المعلوماتي ومنطقته وموعده ويقدمه للجمع ثم يتابعه حتى يستوفى أو يلغى.,المحلل؛ مقدم الطلب,SCR-13,UC-120;UC-122,2,0,0,1,
FEAT-COL-REQ-APPROVAL,CAP-02,CAP-02.01,R2,اعتماد متطلبات الجمع,يتيح لمدير الجمع أن يقبل أو يرفض أو يعدل طلبات المعلومات قبل توجيه جهد الجمع إليها.,مدير الجمع,SCR-13;SCR-06,UC-120,1,0,0,1,
FEAT-COL-FULFILMENT,CAP-02,CAP-02.01,R2,متابعة استيفاء المتطلبات,يعرض لوحة بالمتطلبات المفتوحة ومدى استيفائها والملاحظات التي أجابت عنها وينبه عند فوات موعدها.,مدير الجمع؛ المحلل؛ النظام,SCR-13,UC-122,2,1,0,1,
FEAT-COL-PLAN,CAP-02,CAP-02.01,R2,تخطيط أنشطة الجمع,يتيح لمخطط الجمع أن يحول المتطلب المعتمد إلى خطة أنشطة ومصادر ومهام ميدانية ويتابعها حتى الاكتمال.,مخطط الجمع؛ النظام,SCR-13,UC-121,2,0,0,1,
FEAT-COL-SOURCES,CAP-02,CAP-02.02,R1,سجل المصادر وموثوقيتها,يحفظ لكل مصدر ملفه ونوعه وتقدير موثوقيته عبر الزمن ويتيح تعليقه أو إحالته إلى التقاعد.,المحلل,SCR-22,UC-004;UC-095,2,0,0,1,
FEAT-COL-SOURCE-PROTECT,CAP-02,CAP-02.02,R1,حماية هوية المصادر,يتيح لمسؤول الأمن تحديد مستوى حماية المصدر وتصنيفه بحيث لا يرى هويته إلا المخولون.,مسؤول الأمن,SCR-22,UC-004,1,0,0,2,Two stories only: kept separate as a distinct security goal and actor (source-identity protection).
FEAT-COL-OBSERVATIONS,CAP-02,CAP-02.03,R1,تسجيل الملاحظات,يتيح للمستخدم الميداني والمحلل تسجيل ما رصده في زمان ومكان محددين مع مرفقاته وتصحيحه بإصدار جديد والبحث فيه.,المستخدم الميداني؛ المشغل؛ المحلل؛ حساب المحوّل,SCR-23;SCR-11,UC-005;UC-090,3,2,0,1,
FEAT-COL-OBS-REVIEW,CAP-02,CAP-02.03,R1,التحقق من الملاحظات,يتيح للمحلل اعتماد الملاحظة أو رفضها أو إعادة تصنيفها قبل أن تعتمد عليها التحليلات.,المحلل,SCR-23;SCR-06,UC-005,2,0,0,1,
FEAT-COL-EVIDENCE,CAP-02,CAP-02.03,R1,حفظ الأدلة وسلسلة العهدة,يحفظ الدليل وموقعه ويختمه ويسجل كل نقل لعهدته حتى يبقى موثوقًا ومقبولًا.,المحلل؛ المستخدم الميداني؛ أمين العهدة,SCR-22,UC-005;UC-006,1,1,0,2,Evidence also relates to CAP-03.02 (claims and evidence); kept here per stories' own caps.
FEAT-COL-ATTACHMENTS,CAP-02,CAP-02.03,R1,رفع المرفقات وتنزيلها,يتيح رفع الصور والمستندات والفيديو بأمان مع فحصها والتحقق من سلامتها وتنزيلها للمخولين فقط.,المستخدم صاحب صلاحية الكتابة؛ النظام,SCR-22;SCR-23,UC-005;UC-006;UC-103,2,3,0,2,ERASE story also touches CAP-13.03 (privacy/erasure).
FEAT-COL-DEVICES,CAP-02,CAP-02.03,R1,إدارة الأجهزة الميدانية,يتيح تسجيل الأجهزة الميدانية واعتمادها وتعليقها وتدوير مفاتيحها حتى لا يعمل في الميدان إلا جهاز موثوق.,المستخدم الميداني؛ المسؤول؛ مسؤول الأمن,SCR-63,UC-093,2,1,1,2,
FEAT-COL-LOST-DEVICE,CAP-02,CAP-02.03,R1,الإبلاغ عن جهاز مفقود,يتيح الإبلاغ عن فقد الجهاز فيمنع مزامنته ويمسح بياناته عن بعد حماية للمعلومات.,المستخدم الميداني؛ المسؤول؛ النظام,SCR-63,UC-093,1,1,0,2,
FEAT-COL-PRELOAD,CAP-02,CAP-02.03,R1,تحميل بيانات المنطقة مسبقًا,يتيح للمستخدم الميداني تنزيل بيانات منطقة عمله المصرح بها قبل الخروج لتعمل دون اتصال وتنتهي صلاحيتها تلقائيًا.,المستخدم الميداني؛ المسؤول؛ مسؤول الأمن؛ النظام,SCR-63;SCR-11,UC-090;UC-093,2,2,0,1,
FEAT-COL-OFFLINE-WORK,CAP-02,CAP-02.03,R1,العمل الميداني دون اتصال,يتيح للمستخدم الميداني مواصلة العمل حتى 72 ساعة دون شبكة مع حفظ بياناته مشفرة على الجهاز.,المستخدم الميداني,SCR-01;SCR-23,UC-090,3,4,0,2,No existing stories: mobile offline app behaviour (local store; encryption; 72h) per REQ-OFF-001/005.
FEAT-COL-FIELD-SYNC,CAP-02,CAP-02.03,R1,المزامنة الميدانية,ينقل ما سجله المستخدم الميداني دون اتصال إلى الخادم بترتيبه الأصلي دون تكرار ويجلب له آخر تحديثات مهامه.,المستخدم الميداني؛ الجهاز الميداني؛ النظام,SCR-01,UC-090;UC-091,1,3,0,2,
FEAT-COL-SYNC-CONFLICTS,CAP-02,CAP-02.03,R1,حل تعارضات المزامنة,يعرض على المراجع ما تعارض من تسجيلات ميدانية مع الوضع الحالي ليقرر إعادة تطبيقها أو إسقاطها أو حلها يدويًا.,المخطط؛ المحلل؛ النظام,SCR-06,UC-092,1,0,0,1,
FEAT-COL-ADAPTERS,CAP-02,CAP-02.04,R1,إدارة محوّلات البيانات,يتيح للمسؤول تسجيل محوّلات البيانات الخارجية وربط حقولها وتفعيلها بموافقة مسؤول ثان.,المسؤول,SCR-65,UC-094,1,0,1,2,
FEAT-COL-IMPORT,CAP-02,CAP-02.04,R1,استيراد البيانات والحجر,يتيح استيراد دفعات بيانات خارجية مع عزل السجلات المعيبة ومعالجتها قبل نشرها.,المسؤول؛ حساب المحوّل؛ النظام,SCR-64,UC-094,1,2,1,1,
FEAT-COL-CONNECTIONS,CAP-02,CAP-02.04,R1,اتصالات الأنظمة الخارجية,يتيح لمهندس التكامل تسجيل الاتصال بالأنظمة الخارجية واختباره ومراقبة سلامته مع اعتماد أمني قبل تشغيله.,مهندس التكامل؛ مسؤول الأمن؛ المسؤول؛ النظام,SCR-65,UC-094,1,0,1,2,
FEAT-COL-SENSORS,CAP-02,CAP-02.04,R1,تدفقات الحساسات,يتيح ربط تدفقات الحساسات وتحديد قواعد جودتها والتنبيه عند انقطاع بياناتها.,مهندس التكامل؛ المحلل؛ النظام,SCR-65,UC-094,1,2,1,1,
FEAT-COL-GEO-WEATHER,CAP-02,CAP-02.04,R1,استيراد الخرائط والطقس,يتيح جلب الطبقات الجغرافية وبيانات الطقس من مزوديها المعتمدين لتظهر في الصورة العملياتية.,المسؤول؛ مهندس التكامل,SCR-64;SCR-65;SCR-11,UC-094,1,1,4,1,No existing stories: REQ-INF-008 (OGC/WMS/GeoJSON/GeoTIFF/KML) and REQ-INF-009 (weather adapter).
FEAT-COL-ENTERPRISE-INT,CAP-02,CAP-02.04,R1,التكامل مع أنظمة المؤسسة,يربط أنظمة الموارد البشرية والمالية وإدارة الوثائق بالمنصة دون أن تصبح مرجعًا للحقيقة.,مهندس التكامل؛ المسؤول,SCR-65,UC-094,0,0,4,1,No existing stories: REQ-INT-001 (ERP/HRIS/DMS adapters).
FEAT-INF-ENTITY-REGISTRY,CAP-03,CAP-03.01,R1,إدارة الكيانات وملفاتها,يسجّل المحلل الأشخاص والجهات والأماكن ويعدّلها ويطّلع على ملف كل منها بقيمه المؤكدة والمتنازع عليها.,المحلل؛ خدمة المحوّل؛ كل مستخدم مخوَّل,SCR-21,UC-001,3,2,1,1,Includes entity list and resolved entity view (as-of queries); names in Arabic/English normalized forms (REQ-INF-031) need new stories
FEAT-INF-REAL-EVENTS,CAP-03,CAP-03.01,R1,تسجيل الأحداث الواقعية,يوثّق المحلل الأحداث التي وقعت في الواقع ويصنّفها ويعرض صورتها الموحّدة.,المحلل؛ خدمة المحوّل؛ كل مستخدم مخوَّل,SCR-21,UC-002,2,1,1,0,
FEAT-INF-RELATIONSHIPS,CAP-03,CAP-03.01,R1,إدارة العلاقات بين الكيانات,يربط المحلل الكيانات بعلاقات موثقة ومؤرخة ويرى كل علاقات الكيان في الاتجاهين.,المحلل؛ خدمة المحوّل؛ كل مستخدم مخوَّل,SCR-21,UC-003,2,1,0,0,
FEAT-INF-GRAPH-EXPLORE,CAP-03,CAP-03.01,R1,استكشاف شبكة العلاقات,يستكشف المحلل محيط الكيان والمسارات التي تربط كيانين دون أن يرى ما لا يحق له.,المحلل,SCR-24,-,3,2,0,1,Graph views; strong need for performance and UI stories
FEAT-INF-UNIFIED-SEARCH,CAP-03,CAP-03.01,R1,البحث الموحد,يجد المستخدم ما يبحث عنه من كيانات وملاحظات ووثائق وخطط بالنص والمكان والزمن وبالعربية والإنجليزية دون كشف ما لا يحق له.,كل مستخدم مخوَّل,SCR-20,UC-097,3,3,0,2,Arabic normalization and transliteration (REQ-SRC-003) and non-disclosure via counts/timing (REQ-SRC-002) need new stories
FEAT-INF-EXTERNAL-IDS,CAP-03,CAP-03.01,R1,ربط المعرّفات الخارجية,تبقى السجلات الواردة من الأنظمة الخارجية مرتبطة بالعنصر الصحيح لدينا فلا تتكرر ولا تضيع.,خدمة المحوّل؛ المحلل,SCR-65,-,1,1,3,0,
FEAT-INF-INDEX-REBUILD,CAP-03,CAP-03.01,R1,إعادة بناء فهارس البحث,يعيد مشغل المنصة بناء فهارس البحث والرسم البياني من المصدر الأصلي دون فقد بيانات ويراقب تأخرها.,مشغل المنصة؛ النظام,SCR-71,UC-078,1,3,0,3,Platform/ops feature (projections); could alternatively sit under CAP-14
FEAT-INF-CLAIMS-EVIDENCE,CAP-03,CAP-03.02,R1,الادعاءات وأدلتها,يسجّل المحلل كل معلومة كادعاء مسند إلى مصادره وأدلته ويصححه أو يسحبه دون أن يُمحى أصله.,المحلل؛ خدمة المحوّل؛ هوية تشغيل التحليل؛ كل مستخدم مخوَّل,SCR-22,UC-006,3,1,1,1,
FEAT-INF-GEO-LOCATION,CAP-03,CAP-03.03,R1,مواقع الكيانات وتحركاتها,يرى المستخدم أين كان الكيان وكيف تحرّك عبر الزمن بمواقع دقيقة وموثوقة الإحداثيات.,كل مستخدم مخوَّل؛ المحلل,SCR-21;SCR-11,-,2,3,1,0,"Only position history exists; geometry validation, CRS and positional accuracy (REQ-INF-028/029) need new stories"
FEAT-INF-TIME-HISTORY,CAP-03,CAP-03.04,R1,تاريخ المعلومة عبر الزمن,يعرف المستخدم ما كان صحيحًا في أي وقت وما كان معروفًا عنه حينها ويسجّل المحلل تغيّر القيم بمرور الزمن.,المحلل؛ كل مستخدم مخوَّل,SCR-21;SCR-22,UC-096,2,2,0,0,As-of / as-known-at query UC-096 has no dedicated story yet
FEAT-INF-MATCH-REVIEW,CAP-03,CAP-03.05,R1,مراجعة تطابق الكيانات,يراجع المحللون الكيانات المشتبه بأنها الشيء نفسه ويقررون دمجها أو فصلها بقرار موثق ومؤكد من محلل ثانٍ.,المحلل؛ المحلل الثاني؛ النظام,SCR-06;SCR-26,UC-007,2,1,0,1,
FEAT-INF-ENTITY-SPLIT,CAP-03,CAP-03.05,R1,فصل الكيانات المدموجة خطأً,يستطيع المحلل التراجع عن دمج خاطئ فيعود كل كيان بمعلوماته الخاصة كما كانت.,المحلل؛ المحلل الثاني؛ كل مستخدم مخوَّل,SCR-26;SCR-21,UC-104,1,1,0,1,Includes viewing the identity cluster (members and canonical id)
FEAT-INF-MATCH-RULES,CAP-03,CAP-03.05,R1,قواعد المطابقة,يضبط قائد المحللين قواعد اكتشاف التطابق ويقيس دقتها قبل أن يفعّلها مسؤول آخر.,قائد المحللين؛ المسؤول؛ النظام,SCR-26,UC-007,1,1,0,1,
FEAT-INF-CONFLICT-DETECT,CAP-03,CAP-03.06,R1,كشف تعارض المعلومات,يُكشف تلقائيًا أو يدويًا كل تناقض بين معلومتين عن الشيء نفسه فيُحفظ الطرفان ولا يُخفى أحدهما.,النظام؛ المحلل,SCR-06,UC-008,1,1,0,0,
FEAT-INF-CONFLICT-RESOLVE,CAP-03,CAP-03.06,R1,حل التعارضات,يُسند قائد المحللين التعارض لمحلل يدرسه ويحسمه أو يقبله مع إمكانية إعادة فتحه.,قائد المحللين؛ المحلل,SCR-26;SCR-06,UC-008,1,0,0,1,
FEAT-INF-TRUST-LINEAGE,CAP-03,CAP-03.07,R1,الثقة بالمعلومة ومنشؤها,يقيّم المحلل درجة الثقة بالمعلومة وحالة التحقق منها ويتتبّع من أين جاءت وكيف اشتُقّت.,المحلل؛ المدقق؛ النظام,SCR-25;SCR-22,-,2,2,0,1,Confidence dimensions display (REQ-INF-026) and lineage recording (REQ-INF-035) need new stories
FEAT-ANL-CASE-SETUP,CAP-04,CAP-04.01,R1,فتح حالة تحليل وإدارتها,يبدأ المحلل عمله التحليلي من حالة واحدة تحدد السؤال والنطاق، ويتابعها حتى الإغلاق أو إعادة الفتح.,المحلل؛ مسؤول الأمن؛ المستخدم المخوَّل,SCR-30,UC-010;UC-011,3,1,0,2,إعادة التصنيف (مسؤول الأمن) أُبقيت هنا لأنها تخص الحالة نفسها
FEAT-ANL-ARGUMENT,CAP-04,CAP-04.01,R1,الفرضيات والافتراضات والأدلة,يبني المحلل حجته بفرضيات وافتراضات صريحة وأدلة مختارة، فيعرف القارئ على ماذا يستند الاستنتاج.,المحلل,SCR-30;SCR-22,UC-011;UC-012,2,0,0,1,
FEAT-ANL-SCENARIOS,CAP-04,CAP-04.01,R1,السيناريوهات ومقارنة النتائج,يقارن المحلل نتائج سيناريوهات مختلفة جنبًا إلى جنب ويرى الاستنتاجات مع مصادرها.,المحلل؛ المستخدم المخوَّل,SCR-32,UC-016,2,1,0,0,استعلام الاستنتاجات Q-FND-LIST قدرته الأصلية 04.03 لكنه يُعرض في شاشة السيناريوهات SCR-32
FEAT-ANL-RUNS,CAP-04,CAP-04.02,R1,تشغيل التحليل وإعادة إنتاجه,يشغّل المحلل تحليلًا طويلًا دون انتظار، ويتابع تقدمه، ويعيد تشغيله لاحقًا ليحصل على النتيجة نفسها أو يعرف ما الذي اختلف.,المحلل؛ النظام,SCR-30,UC-013,2,3,0,2,قصص النظام (التقاط العامل، الاكتمال، الخطأ/المهلة) هنا
FEAT-ANL-METHODS,CAP-04,CAP-04.02,R1,إدارة طرق التحليل,يعتمد قائد التحليل الطرق المسموح بها وإصداراتها، فلا يُستخدم إلا ما رُوجع واعتُمد.,قائد التحليل؛ المسؤول؛ المحلل,SCR-30,UC-013,1,0,0,1,
FEAT-ANL-ASSESSMENT-DRAFT,CAP-04,CAP-04.03,R1,إعداد التقييم,يكتب المحلل تقييمه بالاستنتاجات والأدلة ودرجة الثقة وحدودها، ثم يقدمه للمراجعة.,المحلل,SCR-31,UC-014;UC-015,2,0,0,0,
FEAT-ANL-ASSESSMENT-REVIEW,CAP-04,CAP-04.03,R1,مراجعة التقييم ونشره,يراجع قائد التحليل التقييم فيعيده للتحسين أو ينشره نسخة ثابتة لا تتغير، أو يسحبه إن لزم.,المراجع؛ قائد التحليل؛ النظام,SCR-31;SCR-06,UC-015,2,0,0,1,
FEAT-ANL-ASSESSMENT-READ,CAP-04,CAP-04.03,R1,الاطلاع على التقييمات ونسخها,يقرأ المدير ومتخذ القرار التقييم المنشور أو نسخة سابقة منه، مع حجب ما لا يحق له رؤيته من الأدلة.,المدير؛ المحلل؛ المستخدم المخوَّل,SCR-31,UC-015,2,1,0,1,قصتان فقط لكنه هدف قارئ مستقل (REQ-ANL-008 حجب الأدلة)
FEAT-ANL-FINDINGS,CAP-04,CAP-04.03,R1,النتائج التحليلية,يسجّل المحلل كل نتيجة بمصادرها ودرجة عدم اليقين فيها، ويراجعها زميل قبل أن يُبنى عليها تقييم.,المحلل؛ المراجع النظير,SCR-30,UC-014;UC-015,2,0,0,1,Findings moved from CAP-03.07 (recorded inside an analysis case); Q-FND-LIST moved here from FEAT-ANL-SCENARIOS
FEAT-ANL-CORRELATION-REVIEW,CAP-04,CAP-04.04,R2,مراجعة مقترحات الربط,يراجع المحلل ما يقترحه النظام من ربط بين ملاحظات ومصادر مختلفة فيقبله أو يرفضه بناءً على الأدلة والدرجة.,المحلل؛ النظام,SCR-06,UC-132,2,1,0,1,R2
FEAT-ANL-CORRELATION-RULES,CAP-04,CAP-04.04,R2,قواعد الربط الآلي,يضبط قائد التحليل قواعد الربط الآلي ويعتمدها بموافقة ثانية، فلا تُولَّد مقترحات من قواعد غير معتمدة.,قائد التحليل؛ الموافق الثاني,-,UC-132,2,0,0,1,R2؛ لا شاشة مخصصة لقواعد الربط في قائمة الشاشات
FEAT-SIT-MANAGE,CAP-05,CAP-05.01,R1,إنشاء المواقف وإدارتها,يحدد المدير أو المحلل الموقف بمنطقته وفترته ومعاييره ويتحكم في تفعيله وإيقافه وإغلاقه.,المحلل؛ المدير؛ مسؤول الأمن؛ كل مستخدم مخوَّل,SCR-10;SCR-12,UC-020,2,1,0,1,Includes situation list and situation detail
FEAT-SIT-CHANGES,CAP-05,CAP-05.02,R1,متابعة تغيرات الموقف,يعرف المتابع ما دخل الموقف وما خرج منه أولًا بأول دون أن يراجع كل شيء يدويًا.,المحلل؛ المدير؛ النظام,SCR-11;SCR-12,UC-021;UC-022,2,2,0,0,Automatic membership update (REQ-SIT-002) has no system story yet
FEAT-SIT-MY-ALERTS,CAP-05,CAP-05.02,R1,تنبيهاتي,يصل المستخدم تنبيه فوري حين يقع ما يهمه فيقرّ به أو يحله أو يصرفه بسبب ويُصعَّد إن أهمله.,مستلم التنبيه؛ النظام,SCR-04;SCR-03,UC-023,2,1,1,1,Non-disclosure of unauthorized triggering object (REQ-SIT-006) to be covered
FEAT-SIT-ALERT-RULES,CAP-05,CAP-05.02,R1,قواعد التنبيه,يحدد قائد المحللين أو المدير متى يجب إطلاق تنبيه ولمن ويفعّل القاعدة أو يعطّلها.,قائد المحللين؛ المدير,SCR-12,UC-023,1,0,0,1,
FEAT-SIT-COP,CAP-05,CAP-05.03,R1,الصورة العملياتية المشتركة,يرى كل مخوَّل الموقف على خريطة واحدة تجمع الكيانات والأحداث والمهام والتنبيهات بحسب صلاحيته.,كل مستخدم مخوَّل؛ المستخدم الميداني,SCR-11,UC-024;UC-098,3,3,1,1,"Base map, operational layers and scope-keyed tile cache (REQ-SIT-007)"
FEAT-DEC-REQUESTS,CAP-06,CAP-06.01,R1,إعداد طلب القرار,يعرض المحلل أو المخطط على صاحب السلطة سؤالًا واضحًا بخيارات مدعومة بالتقييمات وموعد نهائي.,المحلل؛ المخطط؛ المدير؛ النظام,SCR-05,UC-030;UC-031,2,0,0,1,يشمل انقضاء الموعد النهائي آليًا
FEAT-DEC-MY-PENDING,CAP-06,CAP-06.02,R1,قرارات تنتظرني,يرى صاحب السلطة الطلبات التي تنتظر قراره مرتبة بالموعد، ويسجل قراره بعد التحقق من أنه يملك السلطة.,صاحب السلطة؛ النظام,SCR-05;SCR-33,UC-032,2,0,0,2,Q-DRQ-LIST قدرته الأصلية 06.01 لكنه يخدم هدف صاحب السلطة (شاشة SCR-05)
FEAT-DEC-RECORD-BASIS,CAP-06,CAP-06.02,R1,سجل القرار وأساسه,يعرف المدير والمدقق ما الذي قُرر ولماذا وما كان معروفًا وقت القرار، ويُبطل صاحب السلطة الأعلى القرار عند الحاجة.,المدير؛ المدقق؛ السلطة الأعلى؛ النظام,SCR-33,UC-032,2,1,0,2,
FEAT-DEC-COORDINATION,CAP-06,CAP-06.03,R2,إدارة حالة التنسيق,يجمع مدير الجهة القائدة الجهات التي يجب أن تعمل معًا، ويوزع المسؤوليات بينها ويتابع الحالة حتى إغلاقها.,مدير الجهة القائدة,SCR-36,UC-130,2,0,0,1,R2
FEAT-DEC-COORD-PARTICIPATE,CAP-06,CAP-06.03,R2,المشاركة في التنسيق,ترى الجهة المشاركة ما يخصها من حالة التنسيق، وتحدّث مسؤولياتها، وتطلب قرارًا من سلطة جهة أخرى.,الجهات المشاركة؛ مدير الجهة القائدة؛ النظام,SCR-36,UC-130;UC-131,2,0,1,1,R2
FEAT-OPS-PLAN-AUTHORING,CAP-07,CAP-07.01,R1,إعداد الخطة,يصوغ المخطط خطة بأهدافها ومراحلها وأنشطتها ومواردها وجدولها، ثم يقدمها للاعتماد.,المخطط؛ مالك الخطة,SCR-34,UC-033,3,1,0,0,
FEAT-OPS-PLAN-LIFECYCLE,CAP-07,CAP-07.01,R1,إدارة حالة الخطة,يعلّق المخطط الخطة أو يستأنفها أو يكملها أو يغلقها، ويُنبَّه إن أُبطل قرار تقوم عليه.,المخطط؛ مالك الخطة؛ صاحب السلطة؛ مسؤول الأمن؛ النظام,SCR-34,UC-033,1,0,0,1,إعادة تصنيف الخطة (مسؤول الأمن) هنا
FEAT-OPS-PLAN-APPROVAL,CAP-07,CAP-07.02,R1,اعتماد الخطة,يعتمد صاحب الصلاحية — غير كاتب الخطة — نسخة الخطة فتصبح خط أساس ثابتًا، أو يعيدها أو يرفضها.,معتمد الخطة؛ النظام,SCR-34,UC-034;UC-035;UC-036,2,0,0,2,يشمل تثبيت أول خط أساس واستبدال النسخة السابقة آليًا
FEAT-OPS-PLAN-VERSIONS,CAP-07,CAP-07.02,R1,تعديل الخطة المعتمدة ونسخها,يعدّل المخطط خطة معتمدة تعديلًا طفيفًا أو يرى الفرق عن خط الأساس وأثره على المهام قبل اعتماد نسخة جديدة.,المخطط؛ المدير,SCR-34,UC-034;UC-036,2,1,0,0,
FEAT-OPS-TASK-PLANNING,CAP-07,CAP-07.03,R1,تخطيط المهام وإسنادها,ينشئ المخطط المهام ويحدد مواعيدها ويسندها لمن هو مؤهل لها، ويعيد إسنادها عند الحاجة.,المخطط؛ المدير,SCR-02;SCR-42,UC-040;UC-041;UC-102,3,1,0,1,
FEAT-OPS-MY-TASKS,CAP-07,CAP-07.03,R1,مهامي,المستخدم الميداني ينفّذ عمله من قائمة واحدة، حتى 72 ساعة دون شبكة، ولا يضيع ما سجّله.,المُسند إليه؛ المستخدم الميداني؛ النظام,SCR-01;SCR-02,UC-042;UC-043;UC-046,5,2,0,0,الميزة التجريبية (pilot) كما هي؛ قصص المزامنة الميدانية تأتي من CAP-02
FEAT-OPS-TASK-CONTROL,CAP-07,CAP-07.03,R1,متابعة المهام والتدخل,يتدخل المخطط أو المدير في مهام جارية فيعلّقها أو يلغيها أو يصعّدها، ويغلق النظام المهام المنتهية أو المتجاوزة آليًا.,المخطط؛ المدير؛ مالك المهمة؛ المُسند إليه؛ النظام,SCR-02,UC-046,2,1,0,1,TASK-ESCALATE (تصعيد يدوي، عدة فاعلين) هنا لا في «مهامي» لأن الـpilot لم يضمه
FEAT-OPS-TASK-REVIEW,CAP-07,CAP-07.03,R1,مراجعة نتيجة المهمة,يراجع المراجع — غير منفّذ المهمة — نتيجتها فيعتمدها أو يعيدها أو يرفضها، ولا تكتمل إلا باستيفاء معاييرها.,المراجع؛ صاحب دور الإقرار؛ النظام,SCR-02;SCR-06,UC-044;UC-045,2,0,0,1,
FEAT-OPS-TASK-TYPES,CAP-07,CAP-07.04,R1,أنواع المهام وخطوات اعتمادها,يحدد المسؤول لكل نوع مهمة متطلبات الأهلية ومعايير الإكمال وخطوات المراجعة والاعتماد الخاصة بالجهة.,المسؤول؛ قائد المخططين؛ المستخدم,SCR-66,UC-034;UC-041;UC-044;UC-102,2,0,0,1,REQ-OPS-014 (ضبط خطوات المراجعة) يتحقق عبر نوع المهمة؛ ضبط خطوات اعتماد الخطة على مستوى المستأجر بلا قصة صريحة
FEAT-OPS-OUTCOMES,CAP-07,CAP-07.05,R1,قياس النتائج,يسجل المخطط قياسات النتائج مقابل أهدافها ويصححها، فتبقى سلسلة القياس صادقة حتى بعد تغيير الخطة.,المخطط؛ مالك الخطة؛ النظام,SCR-35,UC-101,1,1,1,0,Q-OUT-SERIES مصنّف على AGG-PLAN لكنه يخص متتبع النتائج
FEAT-OPS-EXEC-TRACKING,CAP-07,CAP-07.05,R1,متابعة تنفيذ الخطة,يرى المدير والتنفيذي تقدم الخطة: المهام حسب حالتها، والمعالم، والنتائج مقابل المستهدف.,المدير؛ المخطط؛ التنفيذي,SCR-35,-,3,2,0,0,قصة واحدة حاليًا؛ لوحة متابعة ستتلقى قصص واجهة وأداء
FEAT-RES-ASSET-REGISTRY,CAP-08,CAP-08.01,R2,سجل الأصول,يعرف مدير الموارد كل أصل ونوعه وحالته الفنية وشهاداته وتصنيفه الأمني حتى نهاية عمره والتخلص منه.,مدير الموارد؛ مسؤول الأمن؛ سلطة التخلص,SCR-40,UC-050,3,1,1,1,يشمل التسجيل وإعادة التصنيف والشهادات والحالة الفنية والتخلص
FEAT-RES-ASSET-CUSTODY,CAP-08,CAP-08.01,R2,إسناد الأصول وعهدتها,يعرف الجميع من يحمل الأصل الآن ولأي مهمة أُسند، مع سلسلة عهدة متصلة بلا فجوات.,مدير الموارد؛ المخطط؛ النظام,SCR-40;SCR-02,UC-053,2,0,0,1,نقل العهدة مع الإسناد لأنهما يجيبان معًا عن سؤال: أين الأصل ومع من
FEAT-RES-ASSET-SERVICE,CAP-08,CAP-08.01,R2,صلاحية الأصل وفقده,يمنع استخدام أصل معطّل أو مفقود في أي إسناد جديد ويعيده للخدمة عند إصلاحه أو استعادته.,مدير الموارد,SCR-40,UC-051,1,0,0,1,
FEAT-RES-ASSET-MAINTENANCE,CAP-08,CAP-08.01,R2,صيانة الأصول,يخطط مدير الموارد والفني لصيانة الأصول ويتابعونها حتى تعود جاهزة، فلا يُحجز أصل وهو قيد الصيانة.,مدير الموارد؛ الفني,SCR-40,UC-051,2,0,1,0,يشمل أوامر الصيانة وانتقالات الأصل إلى الصيانة وفشلها
FEAT-RES-ASSET-BOOKING,CAP-08,CAP-08.01,R2,حجز الأصول وتوفرها,يرى المخطط الأصول المتاحة في نافذة زمنية ويحجزها مسبقًا دون تعارض مع حجوزات أخرى.,المخطط؛ مدير الموارد؛ النظام,SCR-40,UC-051;UC-052,2,1,0,0,استعلام التوفر هنا لأنه نقطة البداية للحجز
FEAT-RES-RESOURCE-POOLS,CAP-08,CAP-08.02,R2,إدارة مجمعات الموارد,يدير مدير الموارد مخزون كل نوع من الموارد وسعته ويرى المتاح والملتزم به ساعة بساعة.,مدير الموارد؛ المخطط,SCR-41,UC-054,2,1,0,0,شاشة SCR-41 ينقصها استعلام تفاصيل مجمع واحد [Missing]
FEAT-RES-ALLOCATION-REQUEST,CAP-08,CAP-08.02,R2,طلب تخصيص الموارد,يطلب المخطط كمية من الموارد لمهمة أو خطة، فيتحقق النظام من التوفر والسعة والسياسة ويلتزم بها أو يبين سبب الرفض.,المخطط؛ النظام,SCR-41,UC-054,2,1,0,0,
FEAT-RES-ALLOCATION-APPROVAL,CAP-08,CAP-08.02,R2,اعتماد التخصيص وأولويته,تعتمد سلطة التخصيص الطلبات التي تحتاج موافقة وتحسم التنافس بإعطاء الأولوية للأهم مع إشعار المتأثرين.,سلطة التخصيص؛ النظام,SCR-41;SCR-06,UC-054,2,0,0,1,
FEAT-RES-CONSUMPTION,CAP-08,CAP-08.02,R2,استهلاك الموارد وتحريرها,يسجل منفذ المهمة ما استهلكه فعلًا، ويُعاد غير المستخدم إلى المجمع عند انتهاء المهمة.,المُسند إليه المهمة؛ المخطط؛ النظام,SCR-41;SCR-02,UC-055;UC-054,2,0,0,0,
FEAT-RES-SUPPLY-REQUEST,CAP-08,CAP-08.03,R3,طلب الإمداد,يطلب ضابط الإمداد أو المخطط كمية من صنف إلى وجهة ويتابع موافقتها أو رفضها حتى تصبح جاهزة للإرسال.,ضابط الإمداد؛ المخطط؛ النظام,SCR-49,UC-150,2,0,1,0,الموافقة تتبع نتيجة تخصيص الموارد المرتبط (لا موافقة مستقلة)
FEAT-RES-SHIPMENT-TRACKING,CAP-08,CAP-08.03,R3,إرسال الشحنات وتتبعها,يرسل مسؤول الإرسال الشحنة ويتابع الجميع مسارها نقطة بنقطة حتى وصولها.,مسؤول الإرسال؛ مشغل الناقل,SCR-49,UC-151,2,1,2,0,تكامل محتمل مع أنظمة تتبع الناقلين
FEAT-RES-SHIPMENT-RECEIPT,CAP-08,CAP-08.03,R3,استلام الشحنات والخسائر,تسجل الجهة المستلمة ما وصل فعلًا أو ما تلف أو فُقد، فيُغلق طلب الإمداد كاملًا أو جزئيًا بدقة.,الجهة المستلمة؛ مشغل الناقل؛ مسؤول الإرسال؛ النظام,SCR-49,UC-152,2,0,0,0,
FEAT-RES-QUALIFICATIONS,CAP-08,CAP-08.04,R1 (الأهلية فقط),سجلات تأهيل الأفراد,يحفظ مدير الموارد أو مدير التدريب مؤهلات كل فرد وشهاداته وصلاحيتها، وتنتهي تلقائيًا عند انقضاء مدتها.,مدير الموارد؛ مدير التدريب؛ المدير؛ الفرد نفسه؛ النظام,SCR-42,UC-102,2,0,1,1,
FEAT-RES-ROLE-REQUIREMENTS,CAP-08,CAP-08.04,R1 (الأهلية فقط),متطلبات الأدوار,يحدد مدير التدريب ما يلزم كل دور من مؤهلات وخبرات، ليُبنى عليه الحكم بالأهلية.,مدير التدريب؛ المسؤول,SCR-42,UC-102,1,0,0,0,
FEAT-RES-ELIGIBILITY,CAP-08,CAP-08.04,R1 (الأهلية فقط),التحقق من الأهلية والجاهزية,يعرف المخطط ومدير الموارد فورًا هل الشخص أو الوحدة مؤهل لدور أو مهمة في وقت معين، ولماذا.,المخطط؛ مدير الموارد؛ مدير التدريب,SCR-42;SCR-48;SCR-02,UC-102,2,1,0,0,بلا قصص حالية في G5؛ القصتان US-BC05-Q-ELIG-CHECK وUS-BC05-Q-READINESS موجودتان في us-bc05.md لكنهما خارج مدخل G5 (ربما في مجموعة CAP-07 عبر REQ-OPS-007) — يُقترح نقلهما هنا
FEAT-RES-TRAINING-SCENARIOS,CAP-08,CAP-08.05,R3,سيناريوهات التدريب,يُعد مدير التدريب سيناريوهات تدريب بأحداثها والكفاءات المستهدفة، ويعتمدها مدير التمرين قبل استخدامها.,مدير التدريب؛ مدير التمرين,SCR-48,UC-160,2,0,0,0,
FEAT-RES-EXERCISE-PLANNING,CAP-08,CAP-08.05,R3,تخطيط التمارين وجدولتها,يخطط مدير التمرين للتمرين ويحدد موعده ومكانه ومشاركيه ثم يطلقه في وقته.,مدير التمرين؛ مدير التدريب,SCR-48,UC-161,2,0,0,0,
FEAT-RES-EXERCISE-CONDUCT,CAP-08,CAP-08.05,R3,إدارة تنفيذ التمرين,يدير مراقب التمرين سير التمرين الحي، فيرسل الأحداث ويوقف ويستأنف وينهي، وتُسجل النتيجة النهائية للتمرين تلقائيًا.,مراقب التمرين؛ النظام,SCR-48,UC-162,3,1,0,0,
FEAT-RES-EXERCISE-EVALUATION,CAP-08,CAP-08.05,R3,تقييم المشاركين ونتائج التمرين,يقيّم المقيّم أداء كل مشارك في كل كفاءة، وتُستخدم النتائج دليلًا على التأهيل ودروسًا مستفادة.,المقيّم؛ مدير التدريب,SCR-48,UC-162;UC-163,2,0,0,0,تطبيق النتائج (UC-163: دليل تأهيل ومراجعة ما بعد التمرين) يحتاج قصصًا جديدة
FEAT-RSK-RISK-REGISTER,CAP-09,CAP-09.01,R3,سجل المخاطر,يسجل المستخدم المخوَّل خطرًا محتملًا بنطاقه، ويتصفح سجل المخاطر مصفّى حسب ما يحق له رؤيته.,محدِّد الخطر؛ مدير المخاطر؛ مالك النطاق؛ النظام,SCR-47,UC-140,2,1,0,1,R3؛ يشمل الربط الآلي حين تقع حادثة من الخطر
FEAT-RSK-RISK-TREATMENT,CAP-09,CAP-09.01,R3,تقييم المخاطر ومعالجتها,يقيّم المقيّم الخطر — غير من سجّله — ويخطط لمعالجته ثم يغلقه بمبرر صريح.,المقيّم؛ موافق المعالجة؛ مدير المخاطر,SCR-47,UC-140;UC-141,1,0,0,1,R3
FEAT-RSK-INCIDENT-REPORT,CAP-09,CAP-09.02,R3,الإبلاغ عن الحوادث وتقييمها,يبلّغ أي مستخدم مخوَّل عن حادثة فورًا، ويحدد المقيّم خطورتها، ويتابع الجميع الحوادث ضمن نطاقهم.,المُبلِّغ؛ مقيّم الحادثة؛ المستخدم المخوَّل,SCR-47,UC-142,3,1,1,1,R3
FEAT-RSK-INCIDENT-COMMAND,CAP-09,CAP-09.02,R3,قيادة الاستجابة للحادثة,يوجّه قائد الحادثة الاستجابة ويصعّد الخطورة أو يخفضها حتى الاحتواء والحل والإغلاق، ويُنبَّه إن تأخر التوجيه.,قائد الحادثة؛ النظام,SCR-47;SCR-01,UC-143,2,1,1,2,R3؛ مهام الاستجابة تُنشأ عبر ميزات المهام
FEAT-RSK-CONTINUITY,CAP-09,CAP-09.03,R3,تفعيل الاستمرارية ومتابعة التعافي,يفعّل قائد الحادثة خطة الاستمرارية بقرار صريح، ويتابع مع مالك الاستمرارية تقدم التعافي مقارنة بزمن بدء الحادثة.,قائد الحادثة؛ مالك الاستمرارية,SCR-47;SCR-35,UC-144,2,1,1,2,R3؛ قصتان من AGG-INCIDENT أُخذتا من 09.02 لأن قدرتهما الأصلية تشمل 09.03
FEAT-COM-INBOX,CAP-10,CAP-10.01,R1 (إشعارات),صندوق إشعاراتي,يرى كل مستخدم إشعاراته في مكان واحد ويعلّمها كمقروءة، وتُنظف القديمة تلقائيًا.,المستخدم؛ النظام,SCR-03,UC-099,2,1,0,0,
FEAT-COM-NOTIFY-DELIVERY,CAP-10,CAP-10.01,R1 (إشعارات),إيصال الإشعارات بأمان,تصل الإشعارات داخل التطبيق وعلى الجوال إلى المخوّلين فقط ودون محتوى سري في رسائل الجوال.,النظام,SCR-03,UC-099,1,2,2,2,قصص نظام فقط؛ تكامل مع خدمات الإشعارات الفورية للجوال
FEAT-COM-SUBSCRIPTIONS,CAP-10,CAP-10.01,R1 (إشعارات),اشتراكاتي ومتابعاتي,يختار المستخدم ما يتابعه وكيف يصله التنبيه، ويوقفه أو يلغيه متى شاء.,المستخدم؛ النظام,SCR-03,UC-099,2,0,0,0,لا توجد شاشة مخصصة لإدارة الاشتراكات في قائمة الشاشات
FEAT-COM-PUBLIC-ALERTS,CAP-10,CAP-10.01,R1 (إشعارات),رسائل الإنذار العام,يعد ضابط المناوبة رسالة إنذار عامة بالمعيار الدولي ويطلقها صاحب السلطة إلى الجهات الخارجية مع متابعة وصولها.,ضابط المناوبة؛ المشغل؛ صاحب سلطة الإصدار؛ المدقق؛ النظام,SCR-14,UC-023,1,0,2,1,تنتمي تقنيًا إلى BC03 (المواقف) لكن متطلبها REQ-INT-003 مربوط بـCAP-10.01
FEAT-COM-PRODUCT-TEMPLATES,CAP-10,CAP-10.02,R2,قوالب المنتجات,يعد مدير المعرفة قوالب موحدة للتقارير والإحاطات والخرائط، ويعتمدها شخص ثانٍ قبل استخدامها.,مدير المعرفة؛ قائد التحليل؛ المعتمد الثاني,SCR-43,UC-110,2,0,0,0,لا توجد شاشة مخصصة للقوالب ضمن SCR-43
FEAT-COM-PRODUCT-AUTHORING,CAP-10,CAP-10.02,R2,إعداد التقارير والإحاطات,يولد المحلل أو المخطط تقريرًا أو إحاطة أو خريطة من قالب ببياناته وأدلته، ويحرر نصه ثم يقدمه للمراجعة.,المحلل؛ المخطط؛ النظام,SCR-43,UC-110,3,1,0,0,
FEAT-COM-PRODUCT-REVIEW,CAP-10,CAP-10.02,R2,مراجعة المنتجات واعتمادها,يراجع المراجع المنتج فيعتمده نسخة نهائية مجمدة أو يعيده للتعديل، ويستطيع المدير سحبه.,المراجع؛ المدير,SCR-43;SCR-06,UC-111,2,0,0,1,
FEAT-COM-PRODUCT-LIBRARY,CAP-10,CAP-10.02,R2,تصفح المنتجات وتنزيلها,يجد المستخدم المخوّل المنتجات المعتمدة وأحدث نسخها وينزلها بصيغة PDF أو مستند بعلامة مائية باسمه.,المستخدم المخوّل؛ المحلل؛ المدير؛ النظام,SCR-43,UC-112,2,1,0,1,التصدير بعلامة مائية (REQ-PRD-005) يحتاج قصصًا جديدة
FEAT-COM-DISTRIBUTION,CAP-10,CAP-10.02,R2,توزيع المنتجات,يوزع المدير أو مالك المنتج المنتج المعتمد على المخوّلين فقط، مع سجل كامل لمن استلمه.,المدير؛ مالك المنتج؛ مسؤول الأمن؛ المدقق؛ النظام,SCR-43,UC-112,2,0,1,1,
FEAT-KNW-LESSON-CAPTURE,CAP-11,CAP-11.01,R2,تسجيل الدروس والمعرفة,يتيح لأي مستخدم توثيق درس أو إجراء أو ممارسة فضلى مرتبطة بمهمة أو خطة أو حادث مع أدلته وتقديمه للمراجعة.,المستخدم,SCR-44;SCR-02,UC-060,2,0,0,1,يشمل الالتقاط عند إغلاق مهمة أو خطة أو حادث أو تمرين (REQ-KNW-002)
FEAT-KNW-KNOWLEDGE-REVIEW,CAP-11,CAP-11.01,R2,مراجعة المعرفة ونشرها,يضمن أن ما يُنشر من معرفة مؤسسية قد راجعه مدير المعرفة واعتمده، وأن القديم منه يُسحب أو يُستبدل بنسخة أحدث.,مدير المعرفة;النظام,SCR-44;SCR-06,UC-061;UC-062,2,0,0,1,يشمل الاستبدال التلقائي عند نشر نسخة أحدث
FEAT-KNW-KNOWLEDGE-REUSE,CAP-11,CAP-11.01,R2,البحث في المعرفة وإعادة استخدامها,يساعد المخطط والمستخدمين على إيجاد المعرفة المنشورة ذات الصلة بعملهم وتلقي اقتراحات منها وتسجيل الاستفادة منها.,المخطط;المستخدم المخوَّل,SCR-44;SCR-20;SCR-34,UC-062,2,1,0,0,اقتراح المعرفة للمخطط (REQ-KNW-003) يظهر عند إعداد الخطط والمهام
FEAT-KNW-RETENTION-SCHEDULE,CAP-11,CAP-11.02,R1 (الاحتفاظ والتجميد),جداول الاحتفاظ بالسجلات,يحدد بوضوح كم تُحفظ كل فئة من السجلات وماذا يحدث لها بعد انتهاء المدة، بموافقة الجهة القانونية.,أمين الأرشيف;السلطة القانونية;المدقق;النظام,SCR-70,UC-103,1,0,0,1,R1
FEAT-KNW-LEGAL-HOLD,CAP-11,CAP-11.02,R1 (الاحتفاظ والتجميد),التجميد القانوني,يمنع إتلاف أو محو أو تعديل السجلات المطلوبة لقضية أو تحقيق حتى ترفع الجهة القانونية التجميد.,السلطة القانونية;أمين الأرشيف;المدقق;النظام,SCR-70,UC-103,1,1,1,1,R1؛ استعلام فحص التجميد تستدعيه السياقات الأخرى قبل أي إتلاف أو محو (REQ-GOV-007)
FEAT-KNW-DISPOSITION,CAP-11,CAP-11.02,R1 (الاحتفاظ والتجميد),إتلاف السجلات المنتهية,ينفذ إتلاف أو أرشفة السجلات التي انتهت مدة حفظها بموافقة جهة مستقلة وبشهادة موثقة، مع استثناء المجمد منها.,أمين الأرشيف;السلطة القانونية;المدقق;النظام,SCR-70,UC-103,1,1,0,2,R1؛ يشمل التقييم اليومي التلقائي والتنفيذ ومعالجة الفشل الجزئي
FEAT-KNW-ARCHIVE-PRESERVE,CAP-11,CAP-11.03,R2,حفظ الأرشيف وسلامته,يضمن نقل السجلات المؤرشفة إلى حزم محفوظة بصيغ دائمة يُتحقق من سلامتها دوريًا وتُصلح أو تُرحَّل عند الحاجة.,أمين الأرشيف;جهة النقل;النظام,SCR-44,UC-063,1,3,1,2,يشمل إتلاف الحزمة تلقائيًا عند تنفيذ قرار الإتلاف لفئتها
FEAT-KNW-ARCHIVE-RETRIEVE,CAP-11,CAP-11.03,R2,استرجاع السجلات التاريخية,يمكّن المستخدم المخوَّل من البحث في فهرس الأرشيف واسترجاع سجل تاريخي ضمن الوقت المستهدف مع تسجيل كل وصول.,المستخدم المخوَّل;أمين الأرشيف,SCR-44,UC-064,2,2,0,1,قصتان فقط حاليًا لكنه هدف مستقل (UC-064)؛ سيستقبل قصص واجهة وأداء استرجاع البارد
FEAT-KNW-RECONSTRUCTION,CAP-11,CAP-11.03,R2,إعادة البناء التاريخي,يجيب عن سؤال «ماذا كنا نعرف عن الوضع في وقت معيّن» بتقرير يميّز ما هو مسجل فعلًا عمّا أُعيد بناؤه.,المدقق;القانوني;المحلل;النظام,SCR-50,UC-065,2,2,0,1,
FEAT-AI-ASSISTANT,CAP-12,CAP-12.01,R2,المساعد الذكي,يتيح للمستخدم طرح سؤال على المساعد الذكي والحصول على إجابة مستندة إلى أدلة مع استشهاداتها، أو إبلاغه صراحة بعدم كفاية الأدلة.,المستخدم المخوَّل;النظام,SCR-45,UC-070;UC-072,3,1,0,1,يشمل الرفض بالسياسة وعدم كفاية الأدلة والخطأ أو انتهاء المهلة كما يراها المستخدم
FEAT-AI-GROUNDING,CAP-12,CAP-12.01,R2,تأريض الإجابات بالأدلة المخوَّلة,يضمن أن المساعد لا يستخدم إلا البيانات التي يحق للسائل رؤيتها وأن كل عبارة في الإجابة مسندة إلى دليل يمكن تدقيقه.,النظام;المدقق,SCR-69;SCR-45,UC-071;UC-072,1,3,0,2,مراحل خط معالجة الطلب الداخلية؛ سيستقبل قصص الإسقاط المتجهي (REQ-AI-014) والحماية من التعليمات المحقونة (REQ-AI-012) ومصفوفة الاستقلالية (REQ-AI-008)
FEAT-AI-ROUTING,CAP-12,CAP-12.01,R2,توجيه نماذج الذكاء الاصطناعي,يحدد لكل مستأجر أي نموذج يخدم أي نوع من الطلبات، محليًا افتراضيًا، ولا يُسمح بنموذج خارجي إلا بسياسة صريحة وبيانات غير مصنفة.,حوكمة الذكاء الاصطناعي;سلطة ثانية;مسؤول الأمن;النظام,SCR-51,UC-077,1,0,1,1,قد يراه المالك ضمن حوكمة الذكاء (CAP-12.04)؛ أبقيته في 12.01 اتباعًا لمتطلبَي REQ-AI-011/013
FEAT-AI-TOOLS,CAP-12,CAP-12.01,R2,سجل أدوات الذكاء الاصطناعي,يضمن أن كل أداة يستخدمها الذكاء الاصطناعي مسجلة بصلاحيتها ومستوى استقلاليتها، ويمكن لمسؤول الأمن تفعيلها أو تعطيلها.,مهندس منصة الذكاء الاصطناعي;مسؤول الأمن;حوكمة الذكاء الاصطناعي,SCR-51,UC-071;UC-077,1,0,1,1,نفس ملاحظة التوجيه بشأن 12.04
FEAT-AI-RESULT-REVIEW,CAP-12,CAP-12.02,R2,مراجعة نتائج الذكاء الاصطناعي,يضمن ألا تُعتمد أو تُنشر أي نتيجة من الذكاء الاصطناعي إلا بعد أن يراجعها إنسان ويقبلها كليًا أو جزئيًا أو يرفضها بسبب.,المراجع;النظام,SCR-46;SCR-06,UC-073;UC-074,2,0,0,1,المراجعة مشتركة بين الصياغة والاستخراج والإجابة (قصصها تحمل 12.01/12.02/12.03)؛ وُضعت في 12.02 تبعًا للتخمين الأولي
FEAT-AI-DRAFTING,CAP-12,CAP-12.02,R2,صياغة المسودات والملخصات,يساعد المحلل والمدير على إعداد مسودات التقارير وملخصات الحالات بسرعة، مع وسمها بوضوح كمخرجات ذكاء اصطناعي.,المحلل;المدير;المخطط,SCR-45;SCR-43;SCR-30,UC-072;UC-073,3,0,0,1,لا قصص حالية (الطلب العام AIR-SUBMIT يخدمها)؛ قصص جديدة لاحقًا (REQ-AI-005)
FEAT-AI-EXTRACTION,CAP-12,CAP-12.03,R2,استخراج المعلومات من الوثائق,يوفر على المحلل الجهد باستخراج الكيانات والأماكن والتواريخ من الوثائق كادعاءات مقترحة تنتظر قبوله.,المحلل;المراجع,SCR-22;SCR-46,UC-072;UC-073,2,1,0,1,لا قصص حالية؛ قصص جديدة لاحقًا (REQ-AI-006) وتتكامل مع سياق الادعاءات
FEAT-AI-TRANSLATION,CAP-12,CAP-12.03,R2,الترجمة بين العربية والإنجليزية,يتيح ترجمة النصوص بين العربية والإنجليزية عند الطلب مع بقاء النص الأصلي محفوظًا كما هو.,المستخدم المخوَّل,SCR-22;SCR-45,UC-072,2,0,0,0,لا قصص حالية؛ قصص جديدة لاحقًا (REQ-AI-007)
FEAT-AI-MODEL-APPROVAL,CAP-12,CAP-12.04,R2,تقييم النماذج واعتمادها,يضمن ألا يدخل أي نموذج ذكاء اصطناعي إلى الاستخدام الفعلي إلا بعد تقييم موثق لدقته وتكلفته وموافقة بشرية.,مهندس منصة الذكاء الاصطناعي;حوكمة الذكاء الاصطناعي;المدقق,SCR-51,UC-075,1,1,0,1,من التسجيل حتى الترقية للإنتاج (REQ-AI-009/010)
FEAT-AI-MODEL-MONITOR,CAP-12,CAP-12.04,R2,مراقبة النماذج وإيقافها,ينبه إلى تراجع أداء النموذج أثناء التشغيل ويتيح إيقاف استخدامه أو إعادته أو إحالته إلى التقاعد.,حوكمة الذكاء الاصطناعي;مهندس منصة الذكاء الاصطناعي;النظام,SCR-51,UC-075,1,1,0,2,سيستقبل أيضًا قصص الاستهلاك والتكلفة (QRY-AI-USAGE على SCR-51)
FEAT-AI-EVAL-SUITES,CAP-12,CAP-12.04,R2,حزم تقييم الذكاء الاصطناعي,يحدد معايير ثابتة ومعتمدة لقياس جودة النماذج كالتأريض ودقة الاستشهاد ومعدل الهلوسة.,حوكمة الذكاء الاصطناعي;سلطة ثانية;النظام,SCR-51,UC-076,1,1,0,0,
FEAT-GOV-CLASSIFICATION,CAP-13,CAP-13.01,R1,مخطط التصنيف الأمني,يتيح لمسؤول الأمن تحديد مستويات السرية والحجرات وقيود الإفراج الخاصة بالمستأجر واعتمادها، ويعرضها لكل مستخدم.,مسؤول الأمن؛ مستخدم المستأجر؛ النظام,SCR-67,UC-085,1,0,0,1,
FEAT-GOV-CLEARANCE,CAP-13,CAP-13.01,R1,التصاريح الأمنية للمستخدمين,يتيح لمسؤول الأمن منح كل مستخدم مستوى سرية وحجرات محددة واعتمادها وتعديلها وتعليقها وسحبها، فلا يرى إلا ما يسمح به تصريحه.,مسؤول الأمن؛ المستخدم؛ النظام,SCR-67,UC-089;UC-085,1,1,0,2,Q-CLR-GET (primary guess CAP-01.02) moved here with its aggregate's goal.
FEAT-GOV-EXCEPTIONS,CAP-13,CAP-13.01,R1,الاستثناءات الأمنية المؤقتة,يتيح للمستخدم طلب استثناء أمني مؤقت بمبرر واضح يعتمده شخصان مخولان، ويُسحب تلقائيًا عند انتهاء مدته.,المستخدم؛ مسؤول الأمن؛ المدقق؛ النظام,SCR-67,UC-088,1,0,0,1,
FEAT-GOV-AUDIT-TRAIL,CAP-13,CAP-13.02,R1,مراجعة سجل التدقيق,يتيح للمدقق ومسؤول الأمن البحث في سجل من فعل ماذا ومتى ولماذا والتحقق من أن السجل لم يُعبث به.,المدقق؛ مسؤول الأمن,SCR-69,UC-087,2,2,1,2,No stories in input; US-BC08-Q-AUD-* (search/verify) exist but are assigned to another group and likely belong here.
FEAT-GOV-AUDIT-CAPTURE,CAP-13,CAP-13.02,R1,التسجيل التلقائي للعمليات,يضمن تسجيل كل تغيير وكل اطلاع على بيانات حساسة تلقائيًا مع الفاعل والغرض وقرار الوصول، دون أن يتمكن أحد من تعديل السجل أو حذفه.,النظام,-,UC-087,0,2,1,3,Platform/ops feature; will receive new stories only.
FEAT-GOV-ERASURE,CAP-13,CAP-13.03,R1,محو البيانات الشخصية,يتيح لمسؤول الخصوصية تسجيل طلب محو بيانات شخص يعتمده مرجع قانوني مستقل، ثم يمحوها من كل أجزاء المنصة مع إصدار شهادة دون فقدان حقائق التدقيق.,مسؤول الخصوصية؛ المرجع القانوني؛ المسؤول؛ المدقق؛ النظام,SCR-70,UC-103;UC-084,1,2,0,2,Includes US-BC01-PER-ERASE (requires an erasure order). Retention/legal hold/disposition stories (RTS/LHD/DSP) are in another group.
FEAT-GOV-DATA-RESIDENCY,CAP-13,CAP-13.04,R1,إقامة البيانات وسيادتها,يضمن بقاء جميع بيانات الجهة داخل نطاقها الجغرافي والقانوني المحدد وعدم نقلها خارجه إلا بسياسة صريحة من المستأجر.,مسؤول الأمن؛ مشغل المنصة؛ النظام,SCR-60,-,1,2,1,2,"New stories only (REQ-GOV-005, REQ-FND-004)."
FEAT-PLT-MONITORING,CAP-14,CAP-14.01,R1,مراقبة صحة المنصة,يمكّن مشغل المنصة من رؤية صحة كل مكونات المنصة وأدائها وتتبع أي طلب عبرها، ومتابعة مؤشرات نتائج الأعمال.,مشغل المنصة,SCR-71,-,2,2,1,3,New stories only (REQ-PLT-003). SCR-71 projection status could alternatively sit under FEAT-PLT-EVENT-DELIVERY.
FEAT-PLT-LOCALIZATION,CAP-14,CAP-14.01,R1,واجهة عربية وإنجليزية,يتيح لكل مستخدم العمل بالعربية أو الإنجليزية باتجاه الكتابة المناسب مع إمكانية عرض التاريخ الهجري.,المستخدم,-,-,3,0,0,0,REQ-PLT-010 is mapped to CAP-14.01 (monitoring) in the requirements; it is cross-cutting UI. Applies to all screens.
FEAT-PLT-BACKUP-RESTORE,CAP-14,CAP-14.02,R1,النسخ الاحتياطي والاستعادة,يضمن نسخ جميع البيانات احتياطيًا حسب أهميتها والتحقق آليًا من إمكانية استعادتها ضمن المدد المتفق عليها.,مشغل المنصة؛ النظام,-,-,0,2,0,3,"New stories only (REQ-PLT-004, REQ-PLT-012)."
FEAT-PLT-BACKGROUND-JOBS,CAP-14,CAP-14.02,R1,متابعة العمليات الطويلة,يتيح للمستخدم متابعة العمليات الثقيلة كالاستيراد الكبير والتقارير والتحليلات وهي تعمل في الخلفية وإعادة محاولتها أو إلغاءها.,المستخدم؛ مشغل المنصة؛ النظام,SCR-64;SCR-30;SCR-50,-,2,2,0,1,New stories only (REQ-PLT-005).
FEAT-PLT-EVENT-DELIVERY,CAP-14,CAP-14.02,R1,موثوقية الأحداث والإسقاطات,يضمن وصول كل حدث مرة واحدة فعليًا إلى الأجزاء المعنية وبقاء شاشات العرض متطابقة مع البيانات الأصلية وإمكانية إعادة بنائها.,مشغل المنصة؛ النظام,SCR-71,-,1,3,0,2,"New stories only (REQ-PLT-006, REQ-PLT-009). Projection (PRJ) commands of SCR-71, if any exist as stories, are assigned elsewhere."
FEAT-PLT-AIRGAP-UPGRADE,CAP-14,CAP-14.02,R1,التثبيت والترقية دون اتصال,يتيح تثبيت المنصة وترقيتها وتشغيلها في بيئة معزولة عن الإنترنت مع بقاء الواجهات القديمة تعمل عند إصدار نسخ جديدة.,مشغل المنصة,-,-,0,2,0,2,"New stories only (REQ-PLT-001, REQ-PLT-007)."
FEAT-PLT-TENANT-QUOTAS,CAP-14,CAP-14.03,R1,حصص المستأجر وحدود الاستخدام,يتيح لمشغل المنصة تحديد حصص كل مستأجر من الطلبات والتخزين والأحداث والمهام وفرضها، حتى لا يؤثر مستأجر على غيره.,مشغل المنصة؛ مسؤول المستأجر؛ النظام,SCR-60,UC-105,1,2,0,2,1 existing story; enforcement/alerting stories will be new (REQ-FND-018).
FEAT-PLT-CELL-MIGRATION,CAP-14,CAP-14.03,R1,نقل المستأجر بين خلايا التشغيل,يتيح لمشغل المنصة نقل مستأجر إلى خلية تشغيل أخرى (مشتركة أو مخصصة أو سيادية) دون فقدان بيانات، بنفس نسخة البرنامج في كل البيئات.,مشغل المنصة؛ النظام,SCR-60,UC-080,1,1,0,2,2 existing stories; also hosts REQ-PLT-002 (same release artifacts across deployment models).
