story_id,feature_id,kind,source,title_ar
US-BC01-TEN-COMPLETE-DECOMMISSION,FEAT-ORG-TENANT-LIFECYCLE,أمر,CMD-TEN-COMPLETE-DECOMMISSION,
US-BC01-TEN-COMPLETE-PROVISIONING,FEAT-ORG-TENANT-LIFECYCLE,أمر,CMD-TEN-COMPLETE-PROVISIONING,
US-BC01-TEN-FAIL-PROVISIONING,FEAT-ORG-TENANT-LIFECYCLE,أمر,CMD-TEN-FAIL-PROVISIONING,
US-BC01-TEN-PROVISION,FEAT-ORG-TENANT-LIFECYCLE,أمر,CMD-TEN-PROVISION,
US-BC01-TEN-REACTIVATE,FEAT-ORG-TENANT-LIFECYCLE,أمر,CMD-TEN-REACTIVATE,
US-BC01-TEN-RETRY-PROVISIONING,FEAT-ORG-TENANT-LIFECYCLE,أمر,CMD-TEN-RETRY-PROVISIONING,
US-BC01-TEN-START-DECOMMISSION,FEAT-ORG-TENANT-LIFECYCLE,أمر,CMD-TEN-START-DECOMMISSION,
US-BC01-TEN-SUSPEND,FEAT-ORG-TENANT-LIFECYCLE,أمر,CMD-TEN-SUSPEND,
US-BC01-Q-TEN-GET,FEAT-ORG-TENANT-LIFECYCLE,جلب,QRY-TEN-GET,
US-BC01-ORG-ADD-UNIT,FEAT-ORG-STRUCTURE,أمر,CMD-ORG-ADD-UNIT,
US-BC01-ORG-CREATE,FEAT-ORG-STRUCTURE,أمر,CMD-ORG-CREATE,
US-BC01-ORG-DEACTIVATE,FEAT-ORG-STRUCTURE,أمر,CMD-ORG-DEACTIVATE,
US-BC01-ORG-DEACTIVATE-UNIT,FEAT-ORG-STRUCTURE,أمر,CMD-ORG-DEACTIVATE-UNIT,
US-BC01-ORG-MOVE-UNIT,FEAT-ORG-STRUCTURE,أمر,CMD-ORG-MOVE-UNIT,
US-BC01-ORG-REACTIVATE,FEAT-ORG-STRUCTURE,أمر,CMD-ORG-REACTIVATE,
US-BC01-ORG-RENAME,FEAT-ORG-STRUCTURE,أمر,CMD-ORG-RENAME,
US-BC01-ORG-RENAME-UNIT,FEAT-ORG-STRUCTURE,أمر,CMD-ORG-RENAME-UNIT,
US-BC01-Q-ORG-TREE,FEAT-ORG-STRUCTURE,جلب,QRY-ORG-TREE,
US-BC01-USR-CLOSE,FEAT-ORG-USER-ACCOUNTS,أمر,CMD-USR-CLOSE,
US-BC01-USR-DISABLE,FEAT-ORG-USER-ACCOUNTS,أمر,CMD-USR-DISABLE,
US-BC01-USR-ENABLE,FEAT-ORG-USER-ACCOUNTS,أمر,CMD-USR-ENABLE,
US-BC01-USR-LINK-PERSON,FEAT-ORG-USER-ACCOUNTS,أمر,CMD-USR-LINK-PERSON,
US-BC01-USR-LOCK,FEAT-ORG-USER-ACCOUNTS,أمر,CMD-USR-LOCK,
US-BC01-USR-PROVISION,FEAT-ORG-USER-ACCOUNTS,أمر,CMD-USR-PROVISION,
US-BC01-USR-UNLOCK,FEAT-ORG-USER-ACCOUNTS,أمر,CMD-USR-UNLOCK,
US-BC01-Q-USR-GET,FEAT-ORG-USER-ACCOUNTS,جلب,QRY-USR-GET,
US-BC01-Q-USR-LIST,FEAT-ORG-USER-ACCOUNTS,جلب,QRY-USR-LIST,
US-BC01-USR-LINK-IDENTITY,FEAT-ORG-SIGN-IN,أمر,CMD-USR-LINK-IDENTITY,
US-BC01-USR-RECORD-FIRST-SIGN-IN,FEAT-ORG-SIGN-IN,أمر,CMD-USR-RECORD-FIRST-SIGN-IN,
US-BC01-USR-UNLINK-IDENTITY,FEAT-ORG-SIGN-IN,أمر,CMD-USR-UNLINK-IDENTITY,
US-BC01-PER-DEACTIVATE,FEAT-ORG-PERSONS,أمر,CMD-PER-DEACTIVATE,
US-BC01-PER-REACTIVATE,FEAT-ORG-PERSONS,أمر,CMD-PER-REACTIVATE,
US-BC01-PER-REGISTER,FEAT-ORG-PERSONS,أمر,CMD-PER-REGISTER,
US-BC01-PER-UPDATE-DETAILS,FEAT-ORG-PERSONS,أمر,CMD-PER-UPDATE-DETAILS,
US-BC01-SVC-CLOSE,FEAT-ORG-SERVICE-ACCOUNTS,أمر,CMD-SVC-CLOSE,
US-BC01-SVC-CREATE,FEAT-ORG-SERVICE-ACCOUNTS,أمر,CMD-SVC-CREATE,
US-BC01-SVC-DISABLE,FEAT-ORG-SERVICE-ACCOUNTS,أمر,CMD-SVC-DISABLE,
US-BC01-SVC-ENABLE,FEAT-ORG-SERVICE-ACCOUNTS,أمر,CMD-SVC-ENABLE,
US-BC01-SVC-ROTATE-CREDENTIAL,FEAT-ORG-SERVICE-ACCOUNTS,أمر,CMD-SVC-ROTATE-CREDENTIAL,
US-BC01-HRS-APPROVE,FEAT-ORG-HR-SYNC,أمر,CMD-HRS-APPROVE,
US-BC01-HRS-REJECT,FEAT-ORG-HR-SYNC,أمر,CMD-HRS-REJECT,
US-BC01-Q-HRS-QUEUE,FEAT-ORG-HR-SYNC,جلب,QRY-HRS-QUEUE,
US-BC01-S-HR-SYNC-PROPOSAL-01,FEAT-ORG-HR-SYNC,نظام,AGG-HR-SYNC-PROPOSAL|SYS:HRIS change received|['∅']→PROPOSED,
US-BC01-S-HR-SYNC-PROPOSAL-02,FEAT-ORG-HR-SYNC,نظام,AGG-HR-SYNC-PROPOSAL|SYS:newer HR change for the same person|['PROPOSED']→SUPERSEDED,
US-BC01-S-HR-SYNC-PROPOSAL-03,FEAT-ORG-HR-SYNC,نظام,AGG-HR-SYNC-PROPOSAL|SYS:14 days without decision|['PROPOSED']→EXPIRED,
US-BC01-AUT-APPROVE-GRANT,FEAT-ORG-AUTHORITY-GRANTS,أمر,CMD-AUT-APPROVE-GRANT,
US-BC01-AUT-GRANT,FEAT-ORG-AUTHORITY-GRANTS,أمر,CMD-AUT-GRANT,
US-BC01-AUT-REJECT-GRANT,FEAT-ORG-AUTHORITY-GRANTS,أمر,CMD-AUT-REJECT-GRANT,
US-BC01-AUT-RESUME,FEAT-ORG-AUTHORITY-GRANTS,أمر,CMD-AUT-RESUME,
US-BC01-AUT-REVOKE,FEAT-ORG-AUTHORITY-GRANTS,أمر,CMD-AUT-REVOKE,
US-BC01-AUT-SUSPEND,FEAT-ORG-AUTHORITY-GRANTS,أمر,CMD-AUT-SUSPEND,
US-BC01-Q-AUT-LIST,FEAT-ORG-AUTHORITY-GRANTS,جلب,QRY-AUT-LIST,
US-BC01-S-AUTHORITY-GRANT-01,FEAT-ORG-AUTHORITY-GRANTS,نظام,"AGG-AUTHORITY-GRANT|SYS:valid_to reached|['ACTIVE', 'SUSPENDED']→EXPIRED",
US-BC01-AUT-DELEGATE,FEAT-ORG-DELEGATION,أمر,CMD-AUT-DELEGATE,
US-BC01-Q-AUT-CHECK,FEAT-ORG-DELEGATION,جلب,QRY-AUT-CHECK,
US-BC01-ROL-ACTIVATE,FEAT-ORG-ROLES,أمر,CMD-ROL-ACTIVATE,
US-BC01-ROL-DEFINE,FEAT-ORG-ROLES,أمر,CMD-ROL-DEFINE,
US-BC01-ROL-RETIRE,FEAT-ORG-ROLES,أمر,CMD-ROL-RETIRE,
US-BC01-ROL-SET-PERMISSIONS,FEAT-ORG-ROLES,أمر,CMD-ROL-SET-PERMISSIONS,
US-BC01-RAS-ASSIGN,FEAT-ORG-ROLE-ASSIGNMENT,أمر,CMD-RAS-ASSIGN,
US-BC01-RAS-REVOKE,FEAT-ORG-ROLE-ASSIGNMENT,أمر,CMD-RAS-REVOKE,
US-BC01-S-ROLE-ASSIGNMENT-01,FEAT-ORG-ROLE-ASSIGNMENT,نظام,AGG-ROLE-ASSIGNMENT|SYS:valid_to reached|['ACTIVE']→EXPIRED,
US-BC08-POL-APPROVE,FEAT-ORG-ACCESS-POLICY,أمر,CMD-POL-APPROVE,
US-BC08-POL-DRAFT,FEAT-ORG-ACCESS-POLICY,أمر,CMD-POL-DRAFT,
US-BC08-POL-EDIT,FEAT-ORG-ACCESS-POLICY,أمر,CMD-POL-EDIT,
US-BC08-POL-REJECT,FEAT-ORG-ACCESS-POLICY,أمر,CMD-POL-REJECT,
US-BC08-POL-SUBMIT,FEAT-ORG-ACCESS-POLICY,أمر,CMD-POL-SUBMIT,
US-BC08-Q-POL-GET,FEAT-ORG-ACCESS-POLICY,جلب,QRY-POL-GET,
US-BC08-S-POLICY-SET-01,FEAT-ORG-ACCESS-POLICY,نظام,AGG-POLICY-SET|SYS:effective_from reached|['APPROVED']→ACTIVE,
US-BC08-S-POLICY-SET-02,FEAT-ORG-ACCESS-POLICY,نظام,AGG-POLICY-SET|SYS:successor activated|['ACTIVE']→SUPERSEDED,
US-BC01-Q-SEC-CONTEXT,FEAT-ORG-ACCESS-ENFORCE,جلب,QRY-SEC-CONTEXT,
US-BC08-Q-PDP-DECIDE,FEAT-ORG-ACCESS-ENFORCE,جلب,QRY-PDP-DECIDE,
US-BC02-CRQ-CANCEL,FEAT-COL-REQ-REQUEST,أمر,CMD-CRQ-CANCEL,
US-BC02-CRQ-DRAFT,FEAT-COL-REQ-REQUEST,أمر,CMD-CRQ-DRAFT,
US-BC02-CRQ-EDIT,FEAT-COL-REQ-REQUEST,أمر,CMD-CRQ-EDIT,
US-BC02-CRQ-MARK-SATISFIED,FEAT-COL-REQ-REQUEST,أمر,CMD-CRQ-MARK-SATISFIED,
US-BC02-CRQ-SUBMIT,FEAT-COL-REQ-REQUEST,أمر,CMD-CRQ-SUBMIT,
US-BC02-Q-CRQ-GET,FEAT-COL-REQ-REQUEST,جلب,QRY-CRQ-GET,
US-BC02-CRQ-AMEND,FEAT-COL-REQ-APPROVAL,أمر,CMD-CRQ-AMEND,
US-BC02-CRQ-APPROVE,FEAT-COL-REQ-APPROVAL,أمر,CMD-CRQ-APPROVE,
US-BC02-CRQ-REJECT,FEAT-COL-REQ-APPROVAL,أمر,CMD-CRQ-REJECT,
US-BC02-Q-CRQ-BOARD,FEAT-COL-FULFILMENT,جلب,QRY-CRQ-BOARD,
US-BC02-Q-CRQ-EVIDENCE,FEAT-COL-FULFILMENT,جلب,QRY-CRQ-EVIDENCE,
US-BC02-S-COLLECTION-REQUIREMENT-01,FEAT-COL-FULFILMENT,نظام,AGG-COLLECTION-REQUIREMENT|SYS:validated observation matched|['APPROVED']→(بلا تغيير),
US-BC02-S-COLLECTION-REQUIREMENT-02,FEAT-COL-FULFILMENT,نظام,AGG-COLLECTION-REQUIREMENT|SYS:due passed|['APPROVED']→EXPIRED,
US-BC02-CPL-ACTIVATE,FEAT-COL-PLAN,أمر,CMD-CPL-ACTIVATE,
US-BC02-CPL-ADD-ACTIVITY,FEAT-COL-PLAN,أمر,CMD-CPL-ADD-ACTIVITY,
US-BC02-CPL-CANCEL,FEAT-COL-PLAN,أمر,CMD-CPL-CANCEL,
US-BC02-CPL-COMPLETE,FEAT-COL-PLAN,أمر,CMD-CPL-COMPLETE,
US-BC02-CPL-CREATE,FEAT-COL-PLAN,أمر,CMD-CPL-CREATE,
US-BC02-CPL-REMOVE-ACTIVITY,FEAT-COL-PLAN,أمر,CMD-CPL-REMOVE-ACTIVITY,
US-BC02-Q-CPL-GET,FEAT-COL-PLAN,جلب,QRY-CPL-GET,
US-BC02-S-COLLECTION-PLAN-01,FEAT-COL-PLAN,نظام,AGG-COLLECTION-PLAN|SYS:all activity tasks terminal|['ACTIVE']→COMPLETED,
US-BC02-SRC-RATE-RELIABILITY,FEAT-COL-SOURCES,أمر,CMD-SRC-RATE-RELIABILITY,
US-BC02-SRC-REGISTER,FEAT-COL-SOURCES,أمر,CMD-SRC-REGISTER,
US-BC02-SRC-REINSTATE,FEAT-COL-SOURCES,أمر,CMD-SRC-REINSTATE,
US-BC02-SRC-RETIRE,FEAT-COL-SOURCES,أمر,CMD-SRC-RETIRE,
US-BC02-SRC-SUSPEND,FEAT-COL-SOURCES,أمر,CMD-SRC-SUSPEND,
US-BC02-SRC-UPDATE-PROFILE,FEAT-COL-SOURCES,أمر,CMD-SRC-UPDATE-PROFILE,
US-BC02-Q-SRC-GET,FEAT-COL-SOURCES,جلب,QRY-SRC-GET,
US-BC02-SRC-RECLASSIFY,FEAT-COL-SOURCE-PROTECT,أمر,CMD-SRC-RECLASSIFY,
US-BC02-SRC-SET-PROTECTION,FEAT-COL-SOURCE-PROTECT,أمر,CMD-SRC-SET-PROTECTION,
US-BC02-OBS-AMEND,FEAT-COL-OBSERVATIONS,أمر,CMD-OBS-AMEND,
US-BC02-OBS-ATTACH-EVIDENCE,FEAT-COL-OBSERVATIONS,أمر,CMD-OBS-ATTACH-EVIDENCE,
US-BC02-OBS-RECORD,FEAT-COL-OBSERVATIONS,أمر,CMD-OBS-RECORD,
US-BC02-Q-OBS-GET,FEAT-COL-OBSERVATIONS,جلب,QRY-OBS-GET,
US-BC02-Q-OBS-LIST,FEAT-COL-OBSERVATIONS,جلب,QRY-OBS-LIST,
US-BC02-OBS-RECLASSIFY,FEAT-COL-OBS-REVIEW,أمر,CMD-OBS-RECLASSIFY,
US-BC02-OBS-REJECT,FEAT-COL-OBS-REVIEW,أمر,CMD-OBS-REJECT,
US-BC02-OBS-VALIDATE,FEAT-COL-OBS-REVIEW,أمر,CMD-OBS-VALIDATE,
US-BC02-EVD-RECLASSIFY,FEAT-COL-EVIDENCE,أمر,CMD-EVD-RECLASSIFY,
US-BC02-EVD-REGISTER,FEAT-COL-EVIDENCE,أمر,CMD-EVD-REGISTER,
US-BC02-EVD-SEAL,FEAT-COL-EVIDENCE,أمر,CMD-EVD-SEAL,
US-BC02-EVD-TRANSFER-CUSTODY,FEAT-COL-EVIDENCE,أمر,CMD-EVD-TRANSFER-CUSTODY,
US-BC02-EVD-UPDATE-LOCATOR,FEAT-COL-EVIDENCE,أمر,CMD-EVD-UPDATE-LOCATOR,
US-BC02-EVD-WITHDRAW,FEAT-COL-EVIDENCE,أمر,CMD-EVD-WITHDRAW,
US-BC02-Q-EVD-GET,FEAT-COL-EVIDENCE,جلب,QRY-EVD-GET,
US-BC02-ATT-COMPLETE-UPLOAD,FEAT-COL-ATTACHMENTS,أمر,CMD-ATT-COMPLETE-UPLOAD,
US-BC02-ATT-ERASE,FEAT-COL-ATTACHMENTS,أمر,CMD-ATT-ERASE,
US-BC02-ATT-INITIATE-UPLOAD,FEAT-COL-ATTACHMENTS,أمر,CMD-ATT-INITIATE-UPLOAD,
US-BC02-Q-ATT-DOWNLOAD,FEAT-COL-ATTACHMENTS,جلب,QRY-ATT-DOWNLOAD,
US-BC02-S-ATTACHMENT-01,FEAT-COL-ATTACHMENTS,نظام,AGG-ATTACHMENT|SYS:scan passed|['SCANNING']→STORED,
US-BC02-S-ATTACHMENT-02,FEAT-COL-ATTACHMENTS,نظام,AGG-ATTACHMENT|SYS:scan failed|['SCANNING']→QUARANTINED,
US-BC02-S-ATTACHMENT-03,FEAT-COL-ATTACHMENTS,نظام,AGG-ATTACHMENT|SYS:upload window 24 h elapsed|['PENDING']→EXPIRED,
US-BC01-DEV-CONFIRM,FEAT-COL-DEVICES,أمر,CMD-DEV-CONFIRM,
US-BC01-DEV-ENROLL,FEAT-COL-DEVICES,أمر,CMD-DEV-ENROLL,
US-BC01-DEV-REINSTATE,FEAT-COL-DEVICES,أمر,CMD-DEV-REINSTATE,
US-BC01-DEV-RETIRE,FEAT-COL-DEVICES,أمر,CMD-DEV-RETIRE,
US-BC01-DEV-ROTATE-KEY,FEAT-COL-DEVICES,أمر,CMD-DEV-ROTATE-KEY,
US-BC01-DEV-SUSPEND,FEAT-COL-DEVICES,أمر,CMD-DEV-SUSPEND,
US-BC01-Q-DEV-LIST,FEAT-COL-DEVICES,جلب,QRY-DEV-LIST,
US-BC01-DEV-REPORT-LOST,FEAT-COL-LOST-DEVICE,أمر,CMD-DEV-REPORT-LOST,
US-BC01-S-DEVICE-01,FEAT-COL-LOST-DEVICE,نظام,AGG-DEVICE|SYS:wipe confirmed by device|['LOST']→WIPED,
US-BC07-S-SYNC-SESSION-01,FEAT-COL-LOST-DEVICE,نظام,AGG-SYNC-SESSION|SYS:device LOST or SUSPENDED at handshake|['∅']→REJECTED,
US-BC07-PKG-CONFIRM-DOWNLOAD,FEAT-COL-PRELOAD,أمر,CMD-PKG-CONFIRM-DOWNLOAD,
US-BC07-PKG-REQUEST,FEAT-COL-PRELOAD,أمر,CMD-PKG-REQUEST,
US-BC07-PKG-REVOKE,FEAT-COL-PRELOAD,أمر,CMD-PKG-REVOKE,
US-BC07-Q-PKG-GET,FEAT-COL-PRELOAD,جلب,QRY-PKG-GET,
US-BC07-S-PRELOAD-PACKAGE-01,FEAT-COL-PRELOAD,نظام,AGG-PRELOAD-PACKAGE|SYS:build started|['REQUESTED']→BUILDING,
US-BC07-S-PRELOAD-PACKAGE-02,FEAT-COL-PRELOAD,نظام,AGG-PRELOAD-PACKAGE|SYS:build finished|['BUILDING']→READY,
US-BC07-S-PRELOAD-PACKAGE-03,FEAT-COL-PRELOAD,نظام,"AGG-PRELOAD-PACKAGE|SYS:expires_at reached|['READY', 'DOWNLOADED']→EXPIRED",
US-BC07-S-PRELOAD-PACKAGE-04,FEAT-COL-PRELOAD,نظام,"AGG-PRELOAD-PACKAGE|SYS:user security_version changed or device not ACTIVE|['REQUESTED', 'BUILDING', 'READY', 'DOWNLOADED']→REVOKED",
US-BC07-SYN-OPEN,FEAT-COL-FIELD-SYNC,أمر,CMD-SYN-OPEN,
US-BC07-SYN-UPLOAD-BATCH,FEAT-COL-FIELD-SYNC,أمر,CMD-SYN-UPLOAD-BATCH,
US-BC07-Q-SYN-DELTA,FEAT-COL-FIELD-SYNC,جلب,QRY-SYN-DELTA,
US-BC07-S-SYNC-SESSION-02,FEAT-COL-FIELD-SYNC,نظام,AGG-SYNC-SESSION|SYS:all uploaded commands processed without conflict|['APPLYING']→COMPLETED,
US-BC07-S-SYNC-SESSION-03,FEAT-COL-FIELD-SYNC,نظام,AGG-SYNC-SESSION|SYS:all processed with ≥ 1 sync conflict|['APPLYING']→COMPLETED_WITH_CONFLICTS,
US-BC07-S-SYNC-SESSION-04,FEAT-COL-FIELD-SYNC,نظام,"AGG-SYNC-SESSION|SYS:idle timeout (5 min) or transport loss|['OPEN', 'APPLYING']→FAILED",
US-BC07-SCF-ASSIGN,FEAT-COL-SYNC-CONFLICTS,أمر,CMD-SCF-ASSIGN,
US-BC07-SCF-DISCARD,FEAT-COL-SYNC-CONFLICTS,أمر,CMD-SCF-DISCARD,
US-BC07-SCF-REAPPLY,FEAT-COL-SYNC-CONFLICTS,أمر,CMD-SCF-REAPPLY,
US-BC07-SCF-RESOLVE-MANUALLY,FEAT-COL-SYNC-CONFLICTS,أمر,CMD-SCF-RESOLVE-MANUALLY,
US-BC07-Q-SCF-GET,FEAT-COL-SYNC-CONFLICTS,جلب,QRY-SCF-GET,
US-BC07-Q-SCF-LIST,FEAT-COL-SYNC-CONFLICTS,جلب,QRY-SCF-LIST,
US-BC07-S-SYNC-CONFLICT-01,FEAT-COL-SYNC-CONFLICTS,نظام,AGG-SYNC-CONFLICT|SYS:stale state-changing command|['∅']→OPEN,
US-BC07-ADP-ACTIVATE,FEAT-COL-ADAPTERS,أمر,CMD-ADP-ACTIVATE,
US-BC07-ADP-REGISTER,FEAT-COL-ADAPTERS,أمر,CMD-ADP-REGISTER,
US-BC07-ADP-RESUME,FEAT-COL-ADAPTERS,أمر,CMD-ADP-RESUME,
US-BC07-ADP-RETIRE,FEAT-COL-ADAPTERS,أمر,CMD-ADP-RETIRE,
US-BC07-ADP-SUSPEND,FEAT-COL-ADAPTERS,أمر,CMD-ADP-SUSPEND,
US-BC07-ADP-UPDATE-MAPPING,FEAT-COL-ADAPTERS,أمر,CMD-ADP-UPDATE-MAPPING,
US-BC07-Q-ADP-GET,FEAT-COL-ADAPTERS,جلب,QRY-ADP-GET,
US-BC02-IMP-ACCEPT-QUARANTINE,FEAT-COL-IMPORT,أمر,CMD-IMP-ACCEPT-QUARANTINE,
US-BC02-IMP-CANCEL,FEAT-COL-IMPORT,أمر,CMD-IMP-CANCEL,
US-BC02-IMP-REPROCESS-QUARANTINE,FEAT-COL-IMPORT,أمر,CMD-IMP-REPROCESS-QUARANTINE,
US-BC02-IMP-SUBMIT,FEAT-COL-IMPORT,أمر,CMD-IMP-SUBMIT,
US-BC02-Q-IMP-GET,FEAT-COL-IMPORT,جلب,QRY-IMP-GET,
US-BC02-S-IMPORT-BATCH-01,FEAT-COL-IMPORT,نظام,AGG-IMPORT-BATCH|SYS:processing started|['RECEIVED']→PROCESSING,
US-BC02-S-IMPORT-BATCH-02,FEAT-COL-IMPORT,نظام,AGG-IMPORT-BATCH|SYS:all records applied|['PROCESSING']→COMPLETED,
US-BC02-S-IMPORT-BATCH-03,FEAT-COL-IMPORT,نظام,AGG-IMPORT-BATCH|SYS:finished with invalid records|['PROCESSING']→COMPLETED_WITH_QUARANTINE,
US-BC02-S-IMPORT-BATCH-04,FEAT-COL-IMPORT,نظام,AGG-IMPORT-BATCH|SYS:unrecoverable error|['PROCESSING']→FAILED,
US-BC07-CON-ACTIVATE,FEAT-COL-CONNECTIONS,أمر,CMD-CON-ACTIVATE,
US-BC07-CON-FAIL-TEST,FEAT-COL-CONNECTIONS,أمر,CMD-CON-FAIL-TEST,
US-BC07-CON-REGISTER,FEAT-COL-CONNECTIONS,أمر,CMD-CON-REGISTER,
US-BC07-CON-RESUME,FEAT-COL-CONNECTIONS,أمر,CMD-CON-RESUME,
US-BC07-CON-RETIRE,FEAT-COL-CONNECTIONS,أمر,CMD-CON-RETIRE,
US-BC07-CON-SUSPEND,FEAT-COL-CONNECTIONS,أمر,CMD-CON-SUSPEND,
US-BC07-CON-TEST,FEAT-COL-CONNECTIONS,أمر,CMD-CON-TEST,
US-BC07-Q-CON-LIST,FEAT-COL-CONNECTIONS,جلب,QRY-CON-LIST,
US-BC07-S-INTEGRATION-CONNECTION-01,FEAT-COL-CONNECTIONS,نظام,AGG-INTEGRATION-CONNECTION|SYS:health checks failing 5 min|['ACTIVE']→DEGRADED,
US-BC07-S-INTEGRATION-CONNECTION-02,FEAT-COL-CONNECTIONS,نظام,AGG-INTEGRATION-CONNECTION|SYS:health restored|['DEGRADED']→ACTIVE,
US-BC07-SNS-ACTIVATE,FEAT-COL-SENSORS,أمر,CMD-SNS-ACTIVATE,
US-BC07-SNS-PAUSE,FEAT-COL-SENSORS,أمر,CMD-SNS-PAUSE,
US-BC07-SNS-REGISTER,FEAT-COL-SENSORS,أمر,CMD-SNS-REGISTER,
US-BC07-SNS-RETIRE,FEAT-COL-SENSORS,أمر,CMD-SNS-RETIRE,
US-BC07-SNS-SET-QUALITY-RULES,FEAT-COL-SENSORS,أمر,CMD-SNS-SET-QUALITY-RULES,
US-BC07-Q-SNS-LIST,FEAT-COL-SENSORS,جلب,QRY-SNS-LIST,
US-BC07-S-SENSOR-STREAM-01,FEAT-COL-SENSORS,نظام,AGG-SENSOR-STREAM|SYS:no data beyond stale-after|['ACTIVE']→(بلا تغيير),
US-BC02-ENT-CHANGE-TYPE,FEAT-INF-ENTITY-REGISTRY,أمر,CMD-ENT-CHANGE-TYPE,
US-BC02-ENT-RECLASSIFY,FEAT-INF-ENTITY-REGISTRY,أمر,CMD-ENT-RECLASSIFY,
US-BC02-ENT-REGISTER,FEAT-INF-ENTITY-REGISTRY,أمر,CMD-ENT-REGISTER,
US-BC02-ENT-REINSTATE,FEAT-INF-ENTITY-REGISTRY,أمر,CMD-ENT-REINSTATE,
US-BC02-ENT-RETIRE,FEAT-INF-ENTITY-REGISTRY,أمر,CMD-ENT-RETIRE,
US-BC02-Q-ENT-LIST,FEAT-INF-ENTITY-REGISTRY,جلب,QRY-ENT-LIST,
US-BC02-Q-ENT-RESOLVED,FEAT-INF-ENTITY-REGISTRY,جلب,QRY-ENT-RESOLVED,
US-BC02-RWE-CHANGE-TYPE,FEAT-INF-REAL-EVENTS,أمر,CMD-RWE-CHANGE-TYPE,
US-BC02-RWE-RECLASSIFY,FEAT-INF-REAL-EVENTS,أمر,CMD-RWE-RECLASSIFY,
US-BC02-RWE-REGISTER,FEAT-INF-REAL-EVENTS,أمر,CMD-RWE-REGISTER,
US-BC02-RWE-REINSTATE,FEAT-INF-REAL-EVENTS,أمر,CMD-RWE-REINSTATE,
US-BC02-RWE-RETIRE,FEAT-INF-REAL-EVENTS,أمر,CMD-RWE-RETIRE,
US-BC02-Q-RWE-GET,FEAT-INF-REAL-EVENTS,جلب,QRY-RWE-GET,
US-BC02-REL-RECLASSIFY,FEAT-INF-RELATIONSHIPS,أمر,CMD-REL-RECLASSIFY,
US-BC02-REL-REGISTER,FEAT-INF-RELATIONSHIPS,أمر,CMD-REL-REGISTER,
US-BC02-REL-REINSTATE,FEAT-INF-RELATIONSHIPS,أمر,CMD-REL-REINSTATE,
US-BC02-REL-RETIRE,FEAT-INF-RELATIONSHIPS,أمر,CMD-REL-RETIRE,
US-BC02-Q-REL-LIST,FEAT-INF-RELATIONSHIPS,جلب,QRY-REL-LIST,
US-BC07-Q-GRAPH-NEIGHBORHOOD,FEAT-INF-GRAPH-EXPLORE,جلب,QRY-GRAPH-NEIGHBORHOOD,
US-BC07-Q-GRAPH-PATHS,FEAT-INF-GRAPH-EXPLORE,جلب,QRY-GRAPH-PATHS,
US-BC07-Q-SRCH-QUERY,FEAT-INF-UNIFIED-SEARCH,جلب,QRY-SRCH-QUERY,
US-BC07-Q-SRCH-SUGGEST,FEAT-INF-UNIFIED-SEARCH,جلب,QRY-SRCH-SUGGEST,
US-BC02-EXT-END,FEAT-INF-EXTERNAL-IDS,أمر,CMD-EXT-END,
US-BC02-EXT-MAP,FEAT-INF-EXTERNAL-IDS,أمر,CMD-EXT-MAP,
US-BC02-Q-EXT-RESOLVE,FEAT-INF-EXTERNAL-IDS,جلب,QRY-EXT-RESOLVE,
US-BC07-PRJ-CANCEL-BUILD,FEAT-INF-INDEX-REBUILD,أمر,CMD-PRJ-CANCEL-BUILD,
US-BC07-PRJ-CREATE-VERSION,FEAT-INF-INDEX-REBUILD,أمر,CMD-PRJ-CREATE-VERSION,
US-BC07-PRJ-PROMOTE,FEAT-INF-INDEX-REBUILD,أمر,CMD-PRJ-PROMOTE,
US-BC07-PRJ-RETIRE,FEAT-INF-INDEX-REBUILD,أمر,CMD-PRJ-RETIRE,
US-BC07-Q-PRJ-STATUS,FEAT-INF-INDEX-REBUILD,جلب,QRY-PRJ-STATUS,
US-BC07-S-PROJECTION-VERSION-01,FEAT-INF-INDEX-REBUILD,نظام,AGG-PROJECTION-VERSION|SYS:full rebuild reached live checkpoint|['BUILDING']→READY,
US-BC07-S-PROJECTION-VERSION-02,FEAT-INF-INDEX-REBUILD,نظام,AGG-PROJECTION-VERSION|SYS:build failed|['BUILDING']→FAILED,
US-BC07-S-PROJECTION-VERSION-03,FEAT-INF-INDEX-REBUILD,نظام,AGG-PROJECTION-VERSION|SYS:lag above threshold|['ACTIVE']→DEGRADED,
US-BC07-S-PROJECTION-VERSION-04,FEAT-INF-INDEX-REBUILD,نظام,AGG-PROJECTION-VERSION|SYS:lag back within target|['DEGRADED']→ACTIVE,
US-BC02-CLM-ASSERT,FEAT-INF-CLAIMS-EVIDENCE,أمر,CMD-CLM-ASSERT,
US-BC02-CLM-CORRECT,FEAT-INF-CLAIMS-EVIDENCE,أمر,CMD-CLM-CORRECT,
US-BC02-CLM-RECLASSIFY,FEAT-INF-CLAIMS-EVIDENCE,أمر,CMD-CLM-RECLASSIFY,
US-BC02-CLM-RETRACT,FEAT-INF-CLAIMS-EVIDENCE,أمر,CMD-CLM-RETRACT,
US-BC02-EVL-LINK,FEAT-INF-CLAIMS-EVIDENCE,أمر,CMD-EVL-LINK,
US-BC02-EVL-UNLINK,FEAT-INF-CLAIMS-EVIDENCE,أمر,CMD-EVL-UNLINK,
US-BC02-Q-CLM-GET,FEAT-INF-CLAIMS-EVIDENCE,جلب,QRY-CLM-GET,
US-BC02-Q-ENT-POSITIONS,FEAT-INF-GEO-LOCATION,جلب,QRY-ENT-POSITIONS,
US-BC02-CLM-RECORD-CHANGE,FEAT-INF-TIME-HISTORY,أمر,CMD-CLM-RECORD-CHANGE,
US-BC02-Q-ENT-CLAIMS,FEAT-INF-TIME-HISTORY,جلب,QRY-ENT-CLAIMS,
US-BC02-ER-CONFIRM-MATCH,FEAT-INF-MATCH-REVIEW,أمر,CMD-ER-CONFIRM-MATCH,
US-BC02-ER-DECIDE-MATCH,FEAT-INF-MATCH-REVIEW,أمر,CMD-ER-DECIDE-MATCH,
US-BC02-ER-DECIDE-NOT-MATCH,FEAT-INF-MATCH-REVIEW,أمر,CMD-ER-DECIDE-NOT-MATCH,
US-BC02-ER-PARK,FEAT-INF-MATCH-REVIEW,أمر,CMD-ER-PARK,
US-BC02-ER-PROPOSE,FEAT-INF-MATCH-REVIEW,أمر,CMD-ER-PROPOSE,
US-BC02-ER-RESUME,FEAT-INF-MATCH-REVIEW,أمر,CMD-ER-RESUME,
US-BC02-ER-START-REVIEW,FEAT-INF-MATCH-REVIEW,أمر,CMD-ER-START-REVIEW,
US-BC02-ER-WITHDRAW,FEAT-INF-MATCH-REVIEW,أمر,CMD-ER-WITHDRAW,
US-BC02-Q-ER-GET,FEAT-INF-MATCH-REVIEW,جلب,QRY-ER-GET,
US-BC02-Q-ER-QUEUE,FEAT-INF-MATCH-REVIEW,جلب,QRY-ER-QUEUE,
US-BC02-S-ER-CASE-01,FEAT-INF-MATCH-REVIEW,نظام,AGG-ER-CASE|SYS:candidate generator score ≥ propose threshold|['∅']→CANDIDATE,
US-BC02-ER-REQUEST-SPLIT,FEAT-INF-ENTITY-SPLIT,أمر,CMD-ER-REQUEST-SPLIT,
US-BC02-ER-SPLIT,FEAT-INF-ENTITY-SPLIT,أمر,CMD-ER-SPLIT,
US-BC02-Q-CLUSTER-GET,FEAT-INF-ENTITY-SPLIT,جلب,QRY-CLUSTER-GET,
US-BC02-MRS-ACTIVATE,FEAT-INF-MATCH-RULES,أمر,CMD-MRS-ACTIVATE,
US-BC02-MRS-DRAFT,FEAT-INF-MATCH-RULES,أمر,CMD-MRS-DRAFT,
US-BC02-MRS-EDIT,FEAT-INF-MATCH-RULES,أمر,CMD-MRS-EDIT,
US-BC02-Q-MRS-GET,FEAT-INF-MATCH-RULES,جلب,QRY-MRS-GET,
US-BC02-S-MATCH-RULESET-01,FEAT-INF-MATCH-RULES,نظام,AGG-MATCH-RULESET|SYS:successor activated|['ACTIVE']→SUPERSEDED,
US-BC02-CNF-RAISE,FEAT-INF-CONFLICT-DETECT,أمر,CMD-CNF-RAISE,
US-BC02-Q-CNF-LIST,FEAT-INF-CONFLICT-DETECT,جلب,QRY-CNF-LIST,
US-BC02-S-CONFLICT-01,FEAT-INF-CONFLICT-DETECT,نظام,AGG-CONFLICT|SYS:conflict rule matched|['∅']→OPEN,
US-BC02-S-CONFLICT-02,FEAT-INF-CONFLICT-DETECT,نظام,"AGG-CONFLICT|SYS:incompatible claim joined|['OPEN', 'UNDER_REVIEW']→(بلا تغيير)",
US-BC02-S-CONFLICT-03,FEAT-INF-CONFLICT-DETECT,نظام,"AGG-CONFLICT|SYS:member set no longer conflicting|['OPEN', 'UNDER_REVIEW', 'RESOLVED', 'ACCEPTED_AS_CONFLICT']→SUPERSEDED",
US-BC02-CNF-ACCEPT,FEAT-INF-CONFLICT-RESOLVE,أمر,CMD-CNF-ACCEPT,
US-BC02-CNF-ASSIGN,FEAT-INF-CONFLICT-RESOLVE,أمر,CMD-CNF-ASSIGN,
US-BC02-CNF-REOPEN,FEAT-INF-CONFLICT-RESOLVE,أمر,CMD-CNF-REOPEN,
US-BC02-CNF-RESOLVE,FEAT-INF-CONFLICT-RESOLVE,أمر,CMD-CNF-RESOLVE,
US-BC02-CNF-START-REVIEW,FEAT-INF-CONFLICT-RESOLVE,أمر,CMD-CNF-START-REVIEW,
US-BC02-Q-CNF-GET,FEAT-INF-CONFLICT-RESOLVE,جلب,QRY-CNF-GET,
US-BC02-CLM-ASSESS,FEAT-INF-TRUST-LINEAGE,أمر,CMD-CLM-ASSESS,
US-BC02-Q-LIN-TRACE,FEAT-INF-TRUST-LINEAGE,جلب,QRY-LIN-TRACE,
US-BC03-ACS-CANCEL,FEAT-ANL-CASE-SETUP,أمر,CMD-ACS-CANCEL,
US-BC03-ACS-CLOSE,FEAT-ANL-CASE-SETUP,أمر,CMD-ACS-CLOSE,
US-BC03-ACS-CREATE,FEAT-ANL-CASE-SETUP,أمر,CMD-ACS-CREATE,
US-BC03-ACS-DEFINE,FEAT-ANL-CASE-SETUP,أمر,CMD-ACS-DEFINE,
US-BC03-ACS-OPEN,FEAT-ANL-CASE-SETUP,أمر,CMD-ACS-OPEN,
US-BC03-ACS-RECLASSIFY,FEAT-ANL-CASE-SETUP,أمر,CMD-ACS-RECLASSIFY,
US-BC03-ACS-REOPEN,FEAT-ANL-CASE-SETUP,أمر,CMD-ACS-REOPEN,
US-BC03-Q-ACS-GET,FEAT-ANL-CASE-SETUP,جلب,QRY-ACS-GET,
US-BC03-Q-ACS-LIST,FEAT-ANL-CASE-SETUP,جلب,QRY-ACS-LIST,
US-BC03-ACS-ADD-ASSUMPTION,FEAT-ANL-ARGUMENT,أمر,CMD-ACS-ADD-ASSUMPTION,
US-BC03-ACS-ADD-HYPOTHESIS,FEAT-ANL-ARGUMENT,أمر,CMD-ACS-ADD-HYPOTHESIS,
US-BC03-ACS-DESELECT-EVIDENCE,FEAT-ANL-ARGUMENT,أمر,CMD-ACS-DESELECT-EVIDENCE,
US-BC03-ACS-RETIRE-ASSUMPTION,FEAT-ANL-ARGUMENT,أمر,CMD-ACS-RETIRE-ASSUMPTION,
US-BC03-ACS-SELECT-EVIDENCE,FEAT-ANL-ARGUMENT,أمر,CMD-ACS-SELECT-EVIDENCE,
US-BC03-ACS-UPDATE-HYPOTHESIS,FEAT-ANL-ARGUMENT,أمر,CMD-ACS-UPDATE-HYPOTHESIS,
US-BC03-ACS-DEFINE-SCENARIO,FEAT-ANL-SCENARIOS,أمر,CMD-ACS-DEFINE-SCENARIO,
US-BC03-Q-SCN-COMPARE,FEAT-ANL-SCENARIOS,جلب,QRY-SCN-COMPARE,
US-BC03-RUN-CANCEL,FEAT-ANL-RUNS,أمر,CMD-RUN-CANCEL,
US-BC03-RUN-REPRODUCE,FEAT-ANL-RUNS,أمر,CMD-RUN-REPRODUCE,
US-BC03-RUN-SUBMIT,FEAT-ANL-RUNS,أمر,CMD-RUN-SUBMIT,
US-BC03-Q-RUN-ARTIFACT,FEAT-ANL-RUNS,جلب,QRY-RUN-ARTIFACT,
US-BC03-Q-RUN-GET,FEAT-ANL-RUNS,جلب,QRY-RUN-GET,
US-BC03-S-ANALYSIS-RUN-01,FEAT-ANL-RUNS,نظام,AGG-ANALYSIS-RUN|SYS:worker lease acquired|['QUEUED']→RUNNING,
US-BC03-S-ANALYSIS-RUN-02,FEAT-ANL-RUNS,نظام,AGG-ANALYSIS-RUN|SYS:completed|['RUNNING']→SUCCEEDED,
US-BC03-S-ANALYSIS-RUN-03,FEAT-ANL-RUNS,نظام,AGG-ANALYSIS-RUN|SYS:error or timeout|['RUNNING']→FAILED,
US-BC03-AMT-ACTIVATE,FEAT-ANL-METHODS,أمر,CMD-AMT-ACTIVATE,
US-BC03-AMT-DEPRECATE,FEAT-ANL-METHODS,أمر,CMD-AMT-DEPRECATE,
US-BC03-AMT-REGISTER,FEAT-ANL-METHODS,أمر,CMD-AMT-REGISTER,
US-BC03-AMT-RETIRE,FEAT-ANL-METHODS,أمر,CMD-AMT-RETIRE,
US-BC03-Q-AMT-LIST,FEAT-ANL-METHODS,جلب,QRY-AMT-LIST,
US-BC03-ASM-DISCARD,FEAT-ANL-ASSESSMENT-DRAFT,أمر,CMD-ASM-DISCARD,
US-BC03-ASM-DRAFT,FEAT-ANL-ASSESSMENT-DRAFT,أمر,CMD-ASM-DRAFT,
US-BC03-ASM-EDIT,FEAT-ANL-ASSESSMENT-DRAFT,أمر,CMD-ASM-EDIT,
US-BC03-ASM-SUBMIT,FEAT-ANL-ASSESSMENT-DRAFT,أمر,CMD-ASM-SUBMIT,
US-BC03-ASM-PUBLISH,FEAT-ANL-ASSESSMENT-REVIEW,أمر,CMD-ASM-PUBLISH,
US-BC03-ASM-RETURN,FEAT-ANL-ASSESSMENT-REVIEW,أمر,CMD-ASM-RETURN,
US-BC03-ASM-WITHDRAW,FEAT-ANL-ASSESSMENT-REVIEW,أمر,CMD-ASM-WITHDRAW,
US-BC03-S-ASSESSMENT-01,FEAT-ANL-ASSESSMENT-REVIEW,نظام,AGG-ASSESSMENT|SYS:newer version published|['PUBLISHED']→SUPERSEDED,
US-BC03-Q-ASM-GET,FEAT-ANL-ASSESSMENT-READ,جلب,QRY-ASM-GET,
US-BC03-Q-ASM-VERSIONS,FEAT-ANL-ASSESSMENT-READ,جلب,QRY-ASM-VERSIONS,
US-BC03-FND-ACCEPT,FEAT-ANL-FINDINGS,أمر,CMD-FND-ACCEPT,
US-BC03-FND-EDIT,FEAT-ANL-FINDINGS,أمر,CMD-FND-EDIT,
US-BC03-FND-RECORD,FEAT-ANL-FINDINGS,أمر,CMD-FND-RECORD,
US-BC03-FND-WITHDRAW,FEAT-ANL-FINDINGS,أمر,CMD-FND-WITHDRAW,
US-BC03-Q-FND-LIST,FEAT-ANL-FINDINGS,جلب,QRY-FND-LIST,
US-BC02-CRP-ACCEPT,FEAT-ANL-CORRELATION-REVIEW,أمر,CMD-CRP-ACCEPT,
US-BC02-CRP-PROPOSE,FEAT-ANL-CORRELATION-REVIEW,أمر,CMD-CRP-PROPOSE,
US-BC02-CRP-REJECT,FEAT-ANL-CORRELATION-REVIEW,أمر,CMD-CRP-REJECT,
US-BC02-CRP-START-REVIEW,FEAT-ANL-CORRELATION-REVIEW,أمر,CMD-CRP-START-REVIEW,
US-BC02-Q-CRP-GET,FEAT-ANL-CORRELATION-REVIEW,جلب,QRY-CRP-GET,
US-BC02-Q-CRP-QUEUE,FEAT-ANL-CORRELATION-REVIEW,جلب,QRY-CRP-QUEUE,
US-BC02-S-CORRELATION-PROPOSAL-01,FEAT-ANL-CORRELATION-REVIEW,نظام,AGG-CORRELATION-PROPOSAL|SYS:correlation rule score ≥ threshold|['∅']→PROPOSED,
US-BC02-S-CORRELATION-PROPOSAL-02,FEAT-ANL-CORRELATION-REVIEW,نظام,AGG-CORRELATION-PROPOSAL|SYS:not reviewed within 30 days|['PROPOSED']→EXPIRED,
US-BC02-CRR-ACTIVATE,FEAT-ANL-CORRELATION-RULES,أمر,CMD-CRR-ACTIVATE,
US-BC02-CRR-DEFINE,FEAT-ANL-CORRELATION-RULES,أمر,CMD-CRR-DEFINE,
US-BC02-CRR-EDIT,FEAT-ANL-CORRELATION-RULES,أمر,CMD-CRR-EDIT,
US-BC02-CRR-RETIRE,FEAT-ANL-CORRELATION-RULES,أمر,CMD-CRR-RETIRE,
US-BC03-SIT-ACTIVATE,FEAT-SIT-MANAGE,أمر,CMD-SIT-ACTIVATE,
US-BC03-SIT-CLOSE,FEAT-SIT-MANAGE,أمر,CMD-SIT-CLOSE,
US-BC03-SIT-CREATE,FEAT-SIT-MANAGE,أمر,CMD-SIT-CREATE,
US-BC03-SIT-EDIT-DEFINITION,FEAT-SIT-MANAGE,أمر,CMD-SIT-EDIT-DEFINITION,
US-BC03-SIT-PAUSE,FEAT-SIT-MANAGE,أمر,CMD-SIT-PAUSE,
US-BC03-SIT-RECLASSIFY,FEAT-SIT-MANAGE,أمر,CMD-SIT-RECLASSIFY,
US-BC03-SIT-RESUME,FEAT-SIT-MANAGE,أمر,CMD-SIT-RESUME,
US-BC03-Q-SIT-GET,FEAT-SIT-MANAGE,جلب,QRY-SIT-GET,
US-BC03-Q-SIT-LIST,FEAT-SIT-MANAGE,جلب,QRY-SIT-LIST,
US-BC03-Q-SIT-CHANGES,FEAT-SIT-CHANGES,جلب,QRY-SIT-CHANGES,
US-BC03-ALR-ACKNOWLEDGE,FEAT-SIT-MY-ALERTS,أمر,CMD-ALR-ACKNOWLEDGE,
US-BC03-ALR-DISMISS,FEAT-SIT-MY-ALERTS,أمر,CMD-ALR-DISMISS,
US-BC03-ALR-RESOLVE,FEAT-SIT-MY-ALERTS,أمر,CMD-ALR-RESOLVE,
US-BC03-Q-ALR-LIST,FEAT-SIT-MY-ALERTS,جلب,QRY-ALR-LIST,
US-BC03-S-ALERT-01,FEAT-SIT-MY-ALERTS,نظام,AGG-ALERT|SYS:rule condition met|['∅']→RAISED,
US-BC03-S-ALERT-02,FEAT-SIT-MY-ALERTS,نظام,"AGG-ALERT|SYS:condition met again within dedupe window|['RAISED', 'ACKNOWLEDGED']→(بلا تغيير)",
US-BC03-S-ALERT-03,FEAT-SIT-MY-ALERTS,نظام,AGG-ALERT|SYS:unacknowledged beyond escalation delay|['RAISED']→(بلا تغيير),
US-BC03-S-ALERT-04,FEAT-SIT-MY-ALERTS,نظام,"AGG-ALERT|SYS:condition cleared and rule auto_resolve|['RAISED', 'ACKNOWLEDGED']→RESOLVED",
US-BC03-ARL-ACTIVATE,FEAT-SIT-ALERT-RULES,أمر,CMD-ARL-ACTIVATE,
US-BC03-ARL-DEFINE,FEAT-SIT-ALERT-RULES,أمر,CMD-ARL-DEFINE,
US-BC03-ARL-DISABLE,FEAT-SIT-ALERT-RULES,أمر,CMD-ARL-DISABLE,
US-BC03-ARL-EDIT,FEAT-SIT-ALERT-RULES,أمر,CMD-ARL-EDIT,
US-BC03-ARL-ENABLE,FEAT-SIT-ALERT-RULES,أمر,CMD-ARL-ENABLE,
US-BC03-ARL-RETIRE,FEAT-SIT-ALERT-RULES,أمر,CMD-ARL-RETIRE,
US-BC03-Q-BASE-TILE,FEAT-SIT-COP,جلب,QRY-BASE-TILE,
US-BC03-Q-SIT-COP,FEAT-SIT-COP,جلب,QRY-SIT-COP,
US-BC03-Q-SIT-TILE,FEAT-SIT-COP,جلب,QRY-SIT-TILE,
US-BC04-DRQ-ADD-OPTION,FEAT-DEC-REQUESTS,أمر,CMD-DRQ-ADD-OPTION,
US-BC04-DRQ-CITE,FEAT-DEC-REQUESTS,أمر,CMD-DRQ-CITE,
US-BC04-DRQ-CREATE,FEAT-DEC-REQUESTS,أمر,CMD-DRQ-CREATE,
US-BC04-DRQ-OPEN,FEAT-DEC-REQUESTS,أمر,CMD-DRQ-OPEN,
US-BC04-DRQ-WITHDRAW,FEAT-DEC-REQUESTS,أمر,CMD-DRQ-WITHDRAW,
US-BC04-Q-DRQ-GET,FEAT-DEC-REQUESTS,جلب,QRY-DRQ-GET,
US-BC04-S-DECISION-REQUEST-01,FEAT-DEC-REQUESTS,نظام,AGG-DECISION-REQUEST|SYS:deadline passed|['OPEN']→(بلا تغيير),
US-BC04-DEC-RECORD,FEAT-DEC-MY-PENDING,أمر,CMD-DEC-RECORD,
US-BC04-Q-DRQ-LIST,FEAT-DEC-MY-PENDING,جلب,QRY-DRQ-LIST,
US-BC04-S-DECISION-REQUEST-02,FEAT-DEC-MY-PENDING,نظام,AGG-DECISION-REQUEST|SYS:decision recorded for this request|['OPEN']→DECIDED,
US-BC04-DEC-ANNUL,FEAT-DEC-RECORD-BASIS,أمر,CMD-DEC-ANNUL,
US-BC04-Q-DEC-BASIS,FEAT-DEC-RECORD-BASIS,جلب,QRY-DEC-BASIS,
US-BC04-Q-DEC-GET,FEAT-DEC-RECORD-BASIS,جلب,QRY-DEC-GET,
US-BC04-S-DECISION-01,FEAT-DEC-RECORD-BASIS,نظام,AGG-DECISION|SYS:superseding decision recorded|['RECORDED']→SUPERSEDED,
US-BC04-CRD-ACTIVATE,FEAT-DEC-COORDINATION,أمر,CMD-CRD-ACTIVATE,
US-BC04-CRD-ADD-PARTICIPANT,FEAT-DEC-COORDINATION,أمر,CMD-CRD-ADD-PARTICIPANT,
US-BC04-CRD-ASSIGN-RESPONSIBILITY,FEAT-DEC-COORDINATION,أمر,CMD-CRD-ASSIGN-RESPONSIBILITY,
US-BC04-CRD-CANCEL,FEAT-DEC-COORDINATION,أمر,CMD-CRD-CANCEL,
US-BC04-CRD-CLOSE,FEAT-DEC-COORDINATION,أمر,CMD-CRD-CLOSE,
US-BC04-CRD-OPEN,FEAT-DEC-COORDINATION,أمر,CMD-CRD-OPEN,
US-BC04-CRD-REMOVE-PARTICIPANT,FEAT-DEC-COORDINATION,أمر,CMD-CRD-REMOVE-PARTICIPANT,
US-BC04-CRD-REQUEST-DECISION,FEAT-DEC-COORD-PARTICIPATE,أمر,CMD-CRD-REQUEST-DECISION,
US-BC04-CRD-UPDATE-RESPONSIBILITY,FEAT-DEC-COORD-PARTICIPATE,أمر,CMD-CRD-UPDATE-RESPONSIBILITY,
US-BC04-Q-CRD-GET,FEAT-DEC-COORD-PARTICIPATE,جلب,QRY-CRD-GET,
US-BC04-Q-CRD-LIST,FEAT-DEC-COORD-PARTICIPATE,جلب,QRY-CRD-LIST,
US-BC04-S-COORDINATION-CASE-01,FEAT-DEC-COORD-PARTICIPATE,نظام,AGG-COORDINATION-CASE|SYS:linked decision recorded|['ACTIVE']→(بلا تغيير),
US-BC04-PLN-CREATE,FEAT-OPS-PLAN-AUTHORING,أمر,CMD-PLN-CREATE,
US-BC04-PLV-DISCARD,FEAT-OPS-PLAN-AUTHORING,أمر,CMD-PLV-DISCARD,
US-BC04-PLV-DRAFT,FEAT-OPS-PLAN-AUTHORING,أمر,CMD-PLV-DRAFT,
US-BC04-PLV-EDIT,FEAT-OPS-PLAN-AUTHORING,أمر,CMD-PLV-EDIT,
US-BC04-PLV-SUBMIT,FEAT-OPS-PLAN-AUTHORING,أمر,CMD-PLV-SUBMIT,
US-BC04-Q-PLN-GET,FEAT-OPS-PLAN-AUTHORING,جلب,QRY-PLN-GET,
US-BC04-PLN-CANCEL,FEAT-OPS-PLAN-LIFECYCLE,أمر,CMD-PLN-CANCEL,
US-BC04-PLN-CLOSE,FEAT-OPS-PLAN-LIFECYCLE,أمر,CMD-PLN-CLOSE,
US-BC04-PLN-COMPLETE,FEAT-OPS-PLAN-LIFECYCLE,أمر,CMD-PLN-COMPLETE,
US-BC04-PLN-RECLASSIFY,FEAT-OPS-PLAN-LIFECYCLE,أمر,CMD-PLN-RECLASSIFY,
US-BC04-PLN-RESUME,FEAT-OPS-PLAN-LIFECYCLE,أمر,CMD-PLN-RESUME,
US-BC04-PLN-SUSPEND,FEAT-OPS-PLAN-LIFECYCLE,أمر,CMD-PLN-SUSPEND,
US-BC04-S-PLAN-02,FEAT-OPS-PLAN-LIFECYCLE,نظام,"AGG-PLAN|SYS:implemented decision annulled or superseded|['ACTIVE', 'SUSPENDED']→(بلا تغيير)",
US-BC04-PLV-APPROVE,FEAT-OPS-PLAN-APPROVAL,أمر,CMD-PLV-APPROVE,
US-BC04-PLV-REJECT,FEAT-OPS-PLAN-APPROVAL,أمر,CMD-PLV-REJECT,
US-BC04-PLV-RETURN,FEAT-OPS-PLAN-APPROVAL,أمر,CMD-PLV-RETURN,
US-BC04-S-PLAN-01,FEAT-OPS-PLAN-APPROVAL,نظام,AGG-PLAN|SYS:first version baselined|['DRAFT']→ACTIVE,
US-BC04-S-PLAN-VERSION-01,FEAT-OPS-PLAN-APPROVAL,نظام,AGG-PLAN-VERSION|SYS:newer version baselined|['BASELINED']→SUPERSEDED,
US-BC04-PLV-AMEND-MINOR,FEAT-OPS-PLAN-VERSIONS,أمر,CMD-PLV-AMEND-MINOR,
US-BC04-Q-PLV-DIFF,FEAT-OPS-PLAN-VERSIONS,جلب,QRY-PLV-DIFF,
US-BC04-Q-PLV-LIST,FEAT-OPS-PLAN-VERSIONS,جلب,QRY-PLV-LIST,
US-BC04-TASK-ASSIGN,FEAT-OPS-TASK-PLANNING,أمر,CMD-TASK-ASSIGN,
US-BC04-TASK-CREATE,FEAT-OPS-TASK-PLANNING,أمر,CMD-TASK-CREATE,
US-BC04-TASK-EDIT,FEAT-OPS-TASK-PLANNING,أمر,CMD-TASK-EDIT,
US-BC04-TASK-MARK-READY,FEAT-OPS-TASK-PLANNING,أمر,CMD-TASK-MARK-READY,
US-BC04-TASK-REASSIGN,FEAT-OPS-TASK-PLANNING,أمر,CMD-TASK-REASSIGN,
US-BC04-TASK-RECLASSIFY,FEAT-OPS-TASK-PLANNING,أمر,CMD-TASK-RECLASSIFY,
US-BC04-TASK-SET-DUE,FEAT-OPS-TASK-PLANNING,أمر,CMD-TASK-SET-DUE,
US-BC04-TASK-ACCEPT,FEAT-OPS-MY-TASKS,أمر,CMD-TASK-ACCEPT,
US-BC04-TASK-ADD-RESULT-ITEM,FEAT-OPS-MY-TASKS,أمر,CMD-TASK-ADD-RESULT-ITEM,
US-BC04-TASK-BLOCK,FEAT-OPS-MY-TASKS,أمر,CMD-TASK-BLOCK,
US-BC04-TASK-DECLINE,FEAT-OPS-MY-TASKS,أمر,CMD-TASK-DECLINE,
US-BC04-TASK-RESUME,FEAT-OPS-MY-TASKS,أمر,CMD-TASK-RESUME,
US-BC04-TASK-START,FEAT-OPS-MY-TASKS,أمر,CMD-TASK-START,
US-BC04-TASK-SUBMIT,FEAT-OPS-MY-TASKS,أمر,CMD-TASK-SUBMIT,
US-BC04-Q-TASK-GET,FEAT-OPS-MY-TASKS,جلب,QRY-TASK-GET,
US-BC04-Q-TASK-HISTORY,FEAT-OPS-MY-TASKS,جلب,QRY-TASK-HISTORY,
US-BC04-Q-TASK-LIST,FEAT-OPS-MY-TASKS,جلب,QRY-TASK-LIST,
US-BC04-S-TASK-05,FEAT-OPS-MY-TASKS,نظام,AGG-TASK|SYS:due passed (escalation policy)|['*NT']→(بلا تغيير),
US-BC04-TASK-CANCEL,FEAT-OPS-TASK-CONTROL,أمر,CMD-TASK-CANCEL,
US-BC04-TASK-CLOSE,FEAT-OPS-TASK-CONTROL,أمر,CMD-TASK-CLOSE,
US-BC04-TASK-ESCALATE,FEAT-OPS-TASK-CONTROL,أمر,CMD-TASK-ESCALATE,
US-BC04-TASK-SUSPEND,FEAT-OPS-TASK-CONTROL,أمر,CMD-TASK-SUSPEND,
US-BC04-TASK-UNSUSPEND,FEAT-OPS-TASK-CONTROL,أمر,CMD-TASK-UNSUSPEND,
US-BC04-S-TASK-02,FEAT-OPS-TASK-CONTROL,نظام,AGG-TASK|SYS:follow-up window (7 d) elapsed without open follow-ups|['COMPLETED']→CLOSED,
US-BC04-S-TASK-03,FEAT-OPS-TASK-CONTROL,نظام,"AGG-TASK|SYS:due passed and task type expires_on_due|['DRAFT', 'READY', 'ASSIGNED', 'ACCEPTED', 'IN_PROGRESS', 'BLOCKED', 'SUBMITTED', 'UNDER_REVIEW']→EXPIRED",
US-BC04-S-TASK-04,FEAT-OPS-TASK-CONTROL,نظام,"AGG-TASK|SYS:plan version baselined without this task|['DRAFT', 'READY', 'ASSIGNED', 'ACCEPTED', 'IN_PROGRESS', 'BLOCKED', 'SUBMITTED', 'UNDER_REVIEW', 'APPROVED']→SUPERSEDED",
US-BC04-TASK-APPROVE,FEAT-OPS-TASK-REVIEW,أمر,CMD-TASK-APPROVE,
US-BC04-TASK-COMPLETE,FEAT-OPS-TASK-REVIEW,أمر,CMD-TASK-COMPLETE,
US-BC04-TASK-REJECT,FEAT-OPS-TASK-REVIEW,أمر,CMD-TASK-REJECT,
US-BC04-TASK-RETURN,FEAT-OPS-TASK-REVIEW,أمر,CMD-TASK-RETURN,
US-BC04-TASK-START-REVIEW,FEAT-OPS-TASK-REVIEW,أمر,CMD-TASK-START-REVIEW,
US-BC04-S-TASK-01,FEAT-OPS-TASK-REVIEW,نظام,AGG-TASK|SYS:all completion criteria satisfied|['APPROVED']→COMPLETED,
US-BC04-TTY-ACTIVATE,FEAT-OPS-TASK-TYPES,أمر,CMD-TTY-ACTIVATE,
US-BC04-TTY-DEFINE,FEAT-OPS-TASK-TYPES,أمر,CMD-TTY-DEFINE,
US-BC04-TTY-EDIT,FEAT-OPS-TASK-TYPES,أمر,CMD-TTY-EDIT,
US-BC04-TTY-RETIRE,FEAT-OPS-TASK-TYPES,أمر,CMD-TTY-RETIRE,
US-BC04-Q-TTY-GET,FEAT-OPS-TASK-TYPES,جلب,QRY-TTY-GET,
US-BC04-OUT-CORRECT,FEAT-OPS-OUTCOMES,أمر,CMD-OUT-CORRECT,
US-BC04-OUT-RECORD,FEAT-OPS-OUTCOMES,أمر,CMD-OUT-RECORD,
US-BC04-Q-OUT-SERIES,FEAT-OPS-OUTCOMES,جلب,QRY-OUT-SERIES,
US-BC04-S-OUTCOME-TRACKER-01,FEAT-OPS-OUTCOMES,نظام,AGG-OUTCOME-TRACKER|SYS:outcome baselined|['∅']→ACTIVE,
US-BC04-S-OUTCOME-TRACKER-02,FEAT-OPS-OUTCOMES,نظام,AGG-OUTCOME-TRACKER|SYS:target changed by new baseline|['ACTIVE']→(بلا تغيير),
US-BC04-S-OUTCOME-TRACKER-03,FEAT-OPS-OUTCOMES,نظام,AGG-OUTCOME-TRACKER|SYS:plan closed or cancelled|['ACTIVE']→CLOSED,
US-BC04-Q-PLN-PROGRESS,FEAT-OPS-EXEC-TRACKING,جلب,QRY-PLN-PROGRESS,
US-BC05-AST-DISPOSE,FEAT-RES-ASSET-REGISTRY,أمر,CMD-AST-DISPOSE,
US-BC05-AST-RECLASSIFY,FEAT-RES-ASSET-REGISTRY,أمر,CMD-AST-RECLASSIFY,
US-BC05-AST-REGISTER,FEAT-RES-ASSET-REGISTRY,أمر,CMD-AST-REGISTER,
US-BC05-AST-SET-CERTIFICATION,FEAT-RES-ASSET-REGISTRY,أمر,CMD-AST-SET-CERTIFICATION,
US-BC05-AST-UPDATE-CONDITION,FEAT-RES-ASSET-REGISTRY,أمر,CMD-AST-UPDATE-CONDITION,
US-BC05-Q-AST-GET,FEAT-RES-ASSET-REGISTRY,جلب,QRY-AST-GET,
US-BC05-ASG-ASSIGN,FEAT-RES-ASSET-CUSTODY,أمر,CMD-ASG-ASSIGN,
US-BC05-ASG-CANCEL,FEAT-RES-ASSET-CUSTODY,أمر,CMD-ASG-CANCEL,
US-BC05-ASG-RETURN,FEAT-RES-ASSET-CUSTODY,أمر,CMD-ASG-RETURN,
US-BC05-AST-TRANSFER-CUSTODY,FEAT-RES-ASSET-CUSTODY,أمر,CMD-AST-TRANSFER-CUSTODY,
US-BC05-S-ASSET-ASSIGNMENT-01,FEAT-RES-ASSET-CUSTODY,نظام,AGG-ASSET-ASSIGNMENT|SYS:linked task terminal|['ACTIVE']→RETURNED,
US-BC05-AST-MARK-UNSERVICEABLE,FEAT-RES-ASSET-SERVICE,أمر,CMD-AST-MARK-UNSERVICEABLE,
US-BC05-AST-RECOVER,FEAT-RES-ASSET-SERVICE,أمر,CMD-AST-RECOVER,
US-BC05-AST-REPORT-LOST,FEAT-RES-ASSET-SERVICE,أمر,CMD-AST-REPORT-LOST,
US-BC05-AST-RETURN-TO-SERVICE,FEAT-RES-ASSET-SERVICE,أمر,CMD-AST-RETURN-TO-SERVICE,
US-BC05-AST-FAIL-MAINTENANCE,FEAT-RES-ASSET-MAINTENANCE,أمر,CMD-AST-FAIL-MAINTENANCE,
US-BC05-AST-START-MAINTENANCE,FEAT-RES-ASSET-MAINTENANCE,أمر,CMD-AST-START-MAINTENANCE,
US-BC05-MNT-CANCEL,FEAT-RES-ASSET-MAINTENANCE,أمر,CMD-MNT-CANCEL,
US-BC05-MNT-COMPLETE,FEAT-RES-ASSET-MAINTENANCE,أمر,CMD-MNT-COMPLETE,
US-BC05-MNT-PLAN,FEAT-RES-ASSET-MAINTENANCE,أمر,CMD-MNT-PLAN,
US-BC05-MNT-RESCHEDULE,FEAT-RES-ASSET-MAINTENANCE,أمر,CMD-MNT-RESCHEDULE,
US-BC05-MNT-START,FEAT-RES-ASSET-MAINTENANCE,أمر,CMD-MNT-START,
US-BC05-Q-MNT-SCHEDULE,FEAT-RES-ASSET-MAINTENANCE,جلب,QRY-MNT-SCHEDULE,
US-BC05-RSV-CANCEL,FEAT-RES-ASSET-BOOKING,أمر,CMD-RSV-CANCEL,
US-BC05-RSV-CONFIRM,FEAT-RES-ASSET-BOOKING,أمر,CMD-RSV-CONFIRM,
US-BC05-RSV-HOLD,FEAT-RES-ASSET-BOOKING,أمر,CMD-RSV-HOLD,
US-BC05-RSV-RELEASE,FEAT-RES-ASSET-BOOKING,أمر,CMD-RSV-RELEASE,
US-BC05-Q-AST-AVAILABILITY,FEAT-RES-ASSET-BOOKING,جلب,QRY-AST-AVAILABILITY,
US-BC05-S-ASSET-RESERVATION-01,FEAT-RES-ASSET-BOOKING,نظام,AGG-ASSET-RESERVATION|SYS:hold expiry (24 h) reached|['HELD']→EXPIRED,
US-BC05-S-ASSET-RESERVATION-02,FEAT-RES-ASSET-BOOKING,نظام,AGG-ASSET-RESERVATION|SYS:linked task or plan terminal|['CONFIRMED']→RELEASED,
US-BC05-RPL-ADJUST-CAPACITY,FEAT-RES-RESOURCE-POOLS,أمر,CMD-RPL-ADJUST-CAPACITY,
US-BC05-RPL-CLOSE,FEAT-RES-RESOURCE-POOLS,أمر,CMD-RPL-CLOSE,
US-BC05-RPL-CREATE,FEAT-RES-RESOURCE-POOLS,أمر,CMD-RPL-CREATE,
US-BC05-RPL-RESUME,FEAT-RES-RESOURCE-POOLS,أمر,CMD-RPL-RESUME,
US-BC05-RPL-SUSPEND,FEAT-RES-RESOURCE-POOLS,أمر,CMD-RPL-SUSPEND,
US-BC05-Q-POL-TIMELINE,FEAT-RES-RESOURCE-POOLS,جلب,QRY-POL-TIMELINE,
US-BC05-ALC-REQUEST,FEAT-RES-ALLOCATION-REQUEST,أمر,CMD-ALC-REQUEST,
US-BC05-Q-ALC-LIST,FEAT-RES-ALLOCATION-REQUEST,جلب,QRY-ALC-LIST,
US-BC05-S-ALLOCATION-01,FEAT-RES-ALLOCATION-REQUEST,نظام,AGG-ALLOCATION|SYS:all checks passed|['REQUESTED']→COMMITTED,
US-BC05-S-ALLOCATION-03,FEAT-RES-ALLOCATION-REQUEST,نظام,AGG-ALLOCATION|SYS:a check failed|['REQUESTED']→REJECTED,
US-BC05-S-ALLOCATION-04,FEAT-RES-ALLOCATION-REQUEST,نظام,AGG-ALLOCATION|SYS:provisional hold (1 h) elapsed|['PENDING_APPROVAL']→REJECTED,
US-BC05-ALC-APPROVE,FEAT-RES-ALLOCATION-APPROVAL,أمر,CMD-ALC-APPROVE,
US-BC05-ALC-PREEMPT,FEAT-RES-ALLOCATION-APPROVAL,أمر,CMD-ALC-PREEMPT,
US-BC05-ALC-REJECT,FEAT-RES-ALLOCATION-APPROVAL,أمر,CMD-ALC-REJECT,
US-BC05-S-ALLOCATION-02,FEAT-RES-ALLOCATION-APPROVAL,نظام,"AGG-ALLOCATION|SYS:checks passed, policy requires approval|['REQUESTED']→PENDING_APPROVAL",
US-BC05-ALC-RECORD-CONSUMPTION,FEAT-RES-CONSUMPTION,أمر,CMD-ALC-RECORD-CONSUMPTION,
US-BC05-ALC-RELEASE,FEAT-RES-CONSUMPTION,أمر,CMD-ALC-RELEASE,
US-BC05-S-ALLOCATION-05,FEAT-RES-CONSUMPTION,نظام,AGG-ALLOCATION|SYS:linked task terminal|['COMMITTED']→RELEASED,
US-BC05-LGR-CANCEL,FEAT-RES-SUPPLY-REQUEST,أمر,CMD-LGR-CANCEL,
US-BC05-LGR-REQUEST,FEAT-RES-SUPPLY-REQUEST,أمر,CMD-LGR-REQUEST,
US-BC05-Q-LGR-GET,FEAT-RES-SUPPLY-REQUEST,جلب,QRY-LGR-GET,
US-BC05-Q-LGR-LIST,FEAT-RES-SUPPLY-REQUEST,جلب,QRY-LGR-LIST,
US-BC05-S-LOGISTICS-REQUEST-01,FEAT-RES-SUPPLY-REQUEST,نظام,AGG-LOGISTICS-REQUEST|SYS:linked allocation committed|['REQUESTED']→APPROVED,
US-BC05-S-LOGISTICS-REQUEST-02,FEAT-RES-SUPPLY-REQUEST,نظام,AGG-LOGISTICS-REQUEST|SYS:linked allocation requires approval|['REQUESTED']→PENDING_APPROVAL,
US-BC05-S-LOGISTICS-REQUEST-03,FEAT-RES-SUPPLY-REQUEST,نظام,AGG-LOGISTICS-REQUEST|SYS:linked allocation rejected|['REQUESTED']→REJECTED,
US-BC05-S-LOGISTICS-REQUEST-04,FEAT-RES-SUPPLY-REQUEST,نظام,AGG-LOGISTICS-REQUEST|SYS:linked allocation committed|['PENDING_APPROVAL']→APPROVED,
US-BC05-S-LOGISTICS-REQUEST-05,FEAT-RES-SUPPLY-REQUEST,نظام,AGG-LOGISTICS-REQUEST|SYS:linked allocation rejected|['PENDING_APPROVAL']→REJECTED,
US-BC05-LGR-DISPATCH,FEAT-RES-SHIPMENT-TRACKING,أمر,CMD-LGR-DISPATCH,
US-BC05-SHP-CANCEL,FEAT-RES-SHIPMENT-TRACKING,أمر,CMD-SHP-CANCEL,
US-BC05-SHP-DEPART,FEAT-RES-SHIPMENT-TRACKING,أمر,CMD-SHP-DEPART,
US-BC05-SHP-PLAN,FEAT-RES-SHIPMENT-TRACKING,أمر,CMD-SHP-PLAN,
US-BC05-SHP-RECORD-CHECKPOINT,FEAT-RES-SHIPMENT-TRACKING,أمر,CMD-SHP-RECORD-CHECKPOINT,
US-BC05-Q-SHP-GET,FEAT-RES-SHIPMENT-TRACKING,جلب,QRY-SHP-GET,
US-BC05-Q-SHP-LIST,FEAT-RES-SHIPMENT-TRACKING,جلب,QRY-SHP-LIST,
US-BC05-Q-SHP-TRACKING,FEAT-RES-SHIPMENT-TRACKING,جلب,QRY-SHP-TRACKING,
US-BC05-SHP-DELIVER,FEAT-RES-SHIPMENT-RECEIPT,أمر,CMD-SHP-DELIVER,
US-BC05-SHP-REPORT-DAMAGE,FEAT-RES-SHIPMENT-RECEIPT,أمر,CMD-SHP-REPORT-DAMAGE,
US-BC05-SHP-REPORT-LOST,FEAT-RES-SHIPMENT-RECEIPT,أمر,CMD-SHP-REPORT-LOST,
US-BC05-S-LOGISTICS-REQUEST-06,FEAT-RES-SHIPMENT-RECEIPT,نظام,AGG-LOGISTICS-REQUEST|SYS:linked shipment delivered in full|['IN_TRANSIT']→FULFILLED,
US-BC05-S-LOGISTICS-REQUEST-07,FEAT-RES-SHIPMENT-RECEIPT,نظام,AGG-LOGISTICS-REQUEST|SYS:linked shipment resolved short|['IN_TRANSIT']→PARTIALLY_FULFILLED,
US-BC05-QUAL-RECORD,FEAT-RES-QUALIFICATIONS,أمر,CMD-QUAL-RECORD,
US-BC05-QUAL-REINSTATE,FEAT-RES-QUALIFICATIONS,أمر,CMD-QUAL-REINSTATE,
US-BC05-QUAL-RENEW,FEAT-RES-QUALIFICATIONS,أمر,CMD-QUAL-RENEW,
US-BC05-QUAL-REVOKE,FEAT-RES-QUALIFICATIONS,أمر,CMD-QUAL-REVOKE,
US-BC05-QUAL-SUSPEND,FEAT-RES-QUALIFICATIONS,أمر,CMD-QUAL-SUSPEND,
US-BC05-Q-QUAL-LIST,FEAT-RES-QUALIFICATIONS,جلب,QRY-QUAL-LIST,
US-BC05-S-QUALIFICATION-RECORD-01,FEAT-RES-QUALIFICATIONS,نظام,"AGG-QUALIFICATION-RECORD|SYS:valid_to reached|['ACTIVE', 'SUSPENDED']→EXPIRED",
US-BC05-RRQ-ACTIVATE,FEAT-RES-ROLE-REQUIREMENTS,أمر,CMD-RRQ-ACTIVATE,
US-BC05-RRQ-DEFINE,FEAT-RES-ROLE-REQUIREMENTS,أمر,CMD-RRQ-DEFINE,
US-BC05-RRQ-EDIT,FEAT-RES-ROLE-REQUIREMENTS,أمر,CMD-RRQ-EDIT,
US-BC05-RRQ-RETIRE,FEAT-RES-ROLE-REQUIREMENTS,أمر,CMD-RRQ-RETIRE,
US-BC05-Q-ELIG-CHECK,FEAT-RES-ELIGIBILITY,جلب,QRY-ELIG-CHECK,
US-BC05-Q-READINESS,FEAT-RES-ELIGIBILITY,جلب,QRY-READINESS,
US-BC05-SCN-ACTIVATE,FEAT-RES-TRAINING-SCENARIOS,أمر,CMD-SCN-ACTIVATE,
US-BC05-SCN-DEFINE,FEAT-RES-TRAINING-SCENARIOS,أمر,CMD-SCN-DEFINE,
US-BC05-SCN-EDIT,FEAT-RES-TRAINING-SCENARIOS,أمر,CMD-SCN-EDIT,
US-BC05-SCN-RETIRE,FEAT-RES-TRAINING-SCENARIOS,أمر,CMD-SCN-RETIRE,
US-BC05-Q-SCN-GET,FEAT-RES-TRAINING-SCENARIOS,جلب,QRY-SCN-GET,
US-BC05-Q-SCN-LIST,FEAT-RES-TRAINING-SCENARIOS,جلب,QRY-SCN-LIST,
US-BC05-EXR-CANCEL,FEAT-RES-EXERCISE-PLANNING,أمر,CMD-EXR-CANCEL,
US-BC05-EXR-PLAN,FEAT-RES-EXERCISE-PLANNING,أمر,CMD-EXR-PLAN,
US-BC05-EXR-SCHEDULE,FEAT-RES-EXERCISE-PLANNING,أمر,CMD-EXR-SCHEDULE,
US-BC05-EXR-START,FEAT-RES-EXERCISE-PLANNING,أمر,CMD-EXR-START,
US-BC05-Q-EXR-GET,FEAT-RES-EXERCISE-PLANNING,جلب,QRY-EXR-GET,
US-BC05-Q-EXR-LIST,FEAT-RES-EXERCISE-PLANNING,جلب,QRY-EXR-LIST,
US-BC05-SIM-ABORT,FEAT-RES-EXERCISE-CONDUCT,أمر,CMD-SIM-ABORT,
US-BC05-SIM-COMPLETE,FEAT-RES-EXERCISE-CONDUCT,أمر,CMD-SIM-COMPLETE,
US-BC05-SIM-DELIVER-INJECT,FEAT-RES-EXERCISE-CONDUCT,أمر,CMD-SIM-DELIVER-INJECT,
US-BC05-SIM-PAUSE,FEAT-RES-EXERCISE-CONDUCT,أمر,CMD-SIM-PAUSE,
US-BC05-SIM-RESUME,FEAT-RES-EXERCISE-CONDUCT,أمر,CMD-SIM-RESUME,
US-BC05-SIM-START,FEAT-RES-EXERCISE-CONDUCT,أمر,CMD-SIM-START,
US-BC05-Q-SIM-GET,FEAT-RES-EXERCISE-CONDUCT,جلب,QRY-SIM-GET,
US-BC05-Q-SIM-LIST,FEAT-RES-EXERCISE-CONDUCT,جلب,QRY-SIM-LIST,
US-BC05-S-EXERCISE-01,FEAT-RES-EXERCISE-CONDUCT,نظام,AGG-EXERCISE|SYS:linked simulation completed|['IN_PROGRESS']→COMPLETED,
US-BC05-S-EXERCISE-02,FEAT-RES-EXERCISE-CONDUCT,نظام,AGG-EXERCISE|SYS:linked simulation aborted|['IN_PROGRESS']→ABORTED,
US-BC05-SIM-RECORD-EVALUATION,FEAT-RES-EXERCISE-EVALUATION,أمر,CMD-SIM-RECORD-EVALUATION,
US-BC05-Q-SIM-TIMELINE,FEAT-RES-EXERCISE-EVALUATION,جلب,QRY-SIM-TIMELINE,
US-BC04-RIS-IDENTIFY,FEAT-RSK-RISK-REGISTER,أمر,CMD-RIS-IDENTIFY,
US-BC04-Q-RIS-GET,FEAT-RSK-RISK-REGISTER,جلب,QRY-RIS-GET,
US-BC04-Q-RIS-REGISTER,FEAT-RSK-RISK-REGISTER,جلب,QRY-RIS-REGISTER,
US-BC04-S-RISK-01,FEAT-RSK-RISK-REGISTER,نظام,AGG-RISK|SYS:incident references this risk as risk_ref|['*NT']→(بلا تغيير),
US-BC04-RIS-ASSESS,FEAT-RSK-RISK-TREATMENT,أمر,CMD-RIS-ASSESS,
US-BC04-RIS-CLOSE,FEAT-RSK-RISK-TREATMENT,أمر,CMD-RIS-CLOSE,
US-BC04-RIS-PLAN-TREATMENT,FEAT-RSK-RISK-TREATMENT,أمر,CMD-RIS-PLAN-TREATMENT,
US-BC04-RIS-REASSESS,FEAT-RSK-RISK-TREATMENT,أمر,CMD-RIS-REASSESS,
US-BC04-INC-ASSESS,FEAT-RSK-INCIDENT-REPORT,أمر,CMD-INC-ASSESS,
US-BC04-INC-CANCEL,FEAT-RSK-INCIDENT-REPORT,أمر,CMD-INC-CANCEL,
US-BC04-INC-REPORT,FEAT-RSK-INCIDENT-REPORT,أمر,CMD-INC-REPORT,
US-BC04-Q-INC-GET,FEAT-RSK-INCIDENT-REPORT,جلب,QRY-INC-GET,
US-BC04-Q-INC-LIST,FEAT-RSK-INCIDENT-REPORT,جلب,QRY-INC-LIST,
US-BC04-INC-CLOSE,FEAT-RSK-INCIDENT-COMMAND,أمر,CMD-INC-CLOSE,
US-BC04-INC-CONTAIN,FEAT-RSK-INCIDENT-COMMAND,أمر,CMD-INC-CONTAIN,
US-BC04-INC-DE-ESCALATE,FEAT-RSK-INCIDENT-COMMAND,أمر,CMD-INC-DE-ESCALATE,
US-BC04-INC-DISPATCH-RESPONSE,FEAT-RSK-INCIDENT-COMMAND,أمر,CMD-INC-DISPATCH-RESPONSE,
US-BC04-INC-ESCALATE,FEAT-RSK-INCIDENT-COMMAND,أمر,CMD-INC-ESCALATE,
US-BC04-INC-RESOLVE,FEAT-RSK-INCIDENT-COMMAND,أمر,CMD-INC-RESOLVE,
US-BC04-S-INCIDENT-01,FEAT-RSK-INCIDENT-COMMAND,نظام,"AGG-INCIDENT|SYS:response SLA elapsed without dispatch|['REPORTED', 'ASSESSED']→(بلا تغيير)",
US-BC04-INC-ACTIVATE-CONTINGENCY,FEAT-RSK-CONTINUITY,أمر,CMD-INC-ACTIVATE-CONTINGENCY,
US-BC04-Q-INC-RECOVERY-STATUS,FEAT-RSK-CONTINUITY,جلب,QRY-INC-RECOVERY-STATUS,
US-BC04-NTF-MARK-READ,FEAT-COM-INBOX,أمر,CMD-NTF-MARK-READ,
US-BC04-Q-NTF-INBOX,FEAT-COM-INBOX,جلب,QRY-NTF-INBOX,
US-BC04-S-NOTIFICATION-05,FEAT-COM-INBOX,نظام,"AGG-NOTIFICATION|SYS:TTL (30 d) elapsed|['QUEUED', 'SENT']→EXPIRED",
US-BC04-S-NOTIFICATION-01,FEAT-COM-NOTIFY-DELIVERY,نظام,AGG-NOTIFICATION|SYS:notifiable event for recipient|['∅']→QUEUED,
US-BC04-S-NOTIFICATION-02,FEAT-COM-NOTIFY-DELIVERY,نظام,AGG-NOTIFICATION|SYS:delivered to channel|['QUEUED']→SENT,
US-BC04-S-NOTIFICATION-03,FEAT-COM-NOTIFY-DELIVERY,نظام,AGG-NOTIFICATION|SYS:recipient no longer authorized at delivery|['QUEUED']→WITHHELD,
US-BC04-S-NOTIFICATION-04,FEAT-COM-NOTIFY-DELIVERY,نظام,AGG-NOTIFICATION|SYS:delivery failed after retries|['QUEUED']→FAILED,
US-BC04-SUB-PAUSE,FEAT-COM-SUBSCRIPTIONS,أمر,CMD-SUB-PAUSE,
US-BC04-SUB-RESUME,FEAT-COM-SUBSCRIPTIONS,أمر,CMD-SUB-RESUME,
US-BC04-SUB-SUBSCRIBE,FEAT-COM-SUBSCRIPTIONS,أمر,CMD-SUB-SUBSCRIBE,
US-BC04-SUB-UNSUBSCRIBE,FEAT-COM-SUBSCRIPTIONS,أمر,CMD-SUB-UNSUBSCRIBE,
US-BC04-SUB-UPDATE-CHANNELS,FEAT-COM-SUBSCRIPTIONS,أمر,CMD-SUB-UPDATE-CHANNELS,
US-BC04-S-SUBSCRIPTION-01,FEAT-COM-SUBSCRIPTIONS,نظام,"AGG-SUBSCRIPTION|SYS:subscriber lost visibility of target|['ACTIVE', 'PAUSED']→ENDED",
US-BC03-CAP-CANCEL,FEAT-COM-PUBLIC-ALERTS,أمر,CMD-CAP-CANCEL,
US-BC03-CAP-PREPARE,FEAT-COM-PUBLIC-ALERTS,أمر,CMD-CAP-PREPARE,
US-BC03-CAP-RELEASE,FEAT-COM-PUBLIC-ALERTS,أمر,CMD-CAP-RELEASE,
US-BC03-CAP-RETRY,FEAT-COM-PUBLIC-ALERTS,أمر,CMD-CAP-RETRY,
US-BC03-Q-CAP-LIST,FEAT-COM-PUBLIC-ALERTS,جلب,QRY-CAP-LIST,
US-BC03-S-CAP-MESSAGE-01,FEAT-COM-PUBLIC-ALERTS,نظام,AGG-CAP-MESSAGE|SYS:delivery failed after retries|['PREPARED']→FAILED,
US-BC06-PTM-ACTIVATE,FEAT-COM-PRODUCT-TEMPLATES,أمر,CMD-PTM-ACTIVATE,
US-BC06-PTM-DEFINE,FEAT-COM-PRODUCT-TEMPLATES,أمر,CMD-PTM-DEFINE,
US-BC06-PTM-EDIT,FEAT-COM-PRODUCT-TEMPLATES,أمر,CMD-PTM-EDIT,
US-BC06-PTM-RETIRE,FEAT-COM-PRODUCT-TEMPLATES,أمر,CMD-PTM-RETIRE,
US-BC06-PRD-CREATE,FEAT-COM-PRODUCT-AUTHORING,أمر,CMD-PRD-CREATE,
US-BC06-PRD-DISCARD,FEAT-COM-PRODUCT-AUTHORING,أمر,CMD-PRD-DISCARD,
US-BC06-PRD-EDIT-NARRATIVE,FEAT-COM-PRODUCT-AUTHORING,أمر,CMD-PRD-EDIT-NARRATIVE,
US-BC06-PRD-GENERATE,FEAT-COM-PRODUCT-AUTHORING,أمر,CMD-PRD-GENERATE,
US-BC06-PRD-SUBMIT,FEAT-COM-PRODUCT-AUTHORING,أمر,CMD-PRD-SUBMIT,
US-BC06-S-PRODUCT-01,FEAT-COM-PRODUCT-AUTHORING,نظام,AGG-PRODUCT|SYS:generation succeeded|['GENERATING']→GENERATED,
US-BC06-S-PRODUCT-02,FEAT-COM-PRODUCT-AUTHORING,نظام,AGG-PRODUCT|SYS:generation failed|['GENERATING']→GENERATION_FAILED,
US-BC06-PRD-APPROVE,FEAT-COM-PRODUCT-REVIEW,أمر,CMD-PRD-APPROVE,
US-BC06-PRD-RETURN,FEAT-COM-PRODUCT-REVIEW,أمر,CMD-PRD-RETURN,
US-BC06-PRD-WITHDRAW,FEAT-COM-PRODUCT-REVIEW,أمر,CMD-PRD-WITHDRAW,
US-BC06-Q-PRD-GET,FEAT-COM-PRODUCT-LIBRARY,جلب,QRY-PRD-GET,
US-BC06-Q-PRD-LIST,FEAT-COM-PRODUCT-LIBRARY,جلب,QRY-PRD-LIST,
US-BC06-S-PRODUCT-03,FEAT-COM-PRODUCT-LIBRARY,نظام,AGG-PRODUCT|SYS:newer version approved|['APPROVED']→SUPERSEDED,
US-BC06-DST-CANCEL,FEAT-COM-DISTRIBUTION,أمر,CMD-DST-CANCEL,
US-BC06-DST-DISTRIBUTE,FEAT-COM-DISTRIBUTION,أمر,CMD-DST-DISTRIBUTE,
US-BC06-Q-DST-LOG,FEAT-COM-DISTRIBUTION,جلب,QRY-DST-LOG,
US-BC06-S-DISTRIBUTION-01,FEAT-COM-DISTRIBUTION,نظام,AGG-DISTRIBUTION|SYS:all recipients authorized and delivered|['PREPARING']→COMPLETED,
US-BC06-S-DISTRIBUTION-02,FEAT-COM-DISTRIBUTION,نظام,AGG-DISTRIBUTION|SYS:some recipients not authorized|['PREPARING']→COMPLETED_WITH_EXCLUSIONS,
US-BC06-KNO-DISCARD,FEAT-KNW-LESSON-CAPTURE,أمر,CMD-KNO-DISCARD,
US-BC06-KNO-DRAFT,FEAT-KNW-LESSON-CAPTURE,أمر,CMD-KNO-DRAFT,
US-BC06-KNO-EDIT,FEAT-KNW-LESSON-CAPTURE,أمر,CMD-KNO-EDIT,
US-BC06-KNO-SUBMIT,FEAT-KNW-LESSON-CAPTURE,أمر,CMD-KNO-SUBMIT,
US-BC06-KNO-PUBLISH,FEAT-KNW-KNOWLEDGE-REVIEW,أمر,CMD-KNO-PUBLISH,
US-BC06-KNO-REJECT,FEAT-KNW-KNOWLEDGE-REVIEW,أمر,CMD-KNO-REJECT,
US-BC06-KNO-RETIRE,FEAT-KNW-KNOWLEDGE-REVIEW,أمر,CMD-KNO-RETIRE,
US-BC06-KNO-RETURN,FEAT-KNW-KNOWLEDGE-REVIEW,أمر,CMD-KNO-RETURN,
US-BC06-S-KNOWLEDGE-OBJECT-01,FEAT-KNW-KNOWLEDGE-REVIEW,نظام,AGG-KNOWLEDGE-OBJECT|SYS:newer version published|['PUBLISHED']→SUPERSEDED,
US-BC06-KNO-RECORD-REUSE,FEAT-KNW-KNOWLEDGE-REUSE,أمر,CMD-KNO-RECORD-REUSE,
US-BC06-Q-KNO-SEARCH,FEAT-KNW-KNOWLEDGE-REUSE,جلب,QRY-KNO-SEARCH,
US-BC06-Q-KNO-SUGGEST,FEAT-KNW-KNOWLEDGE-REUSE,جلب,QRY-KNO-SUGGEST,
US-BC08-RTS-ACTIVATE,FEAT-KNW-RETENTION-SCHEDULE,أمر,CMD-RTS-ACTIVATE,
US-BC08-RTS-DISCARD,FEAT-KNW-RETENTION-SCHEDULE,أمر,CMD-RTS-DISCARD,
US-BC08-RTS-DRAFT,FEAT-KNW-RETENTION-SCHEDULE,أمر,CMD-RTS-DRAFT,
US-BC08-RTS-EDIT,FEAT-KNW-RETENTION-SCHEDULE,أمر,CMD-RTS-EDIT,
US-BC08-Q-RTS-ACTIVE,FEAT-KNW-RETENTION-SCHEDULE,جلب,QRY-RTS-ACTIVE,
US-BC08-S-RETENTION-SCHEDULE-01,FEAT-KNW-RETENTION-SCHEDULE,نظام,AGG-RETENTION-SCHEDULE|SYS:successor activated|['ACTIVE']→SUPERSEDED,
US-BC08-LHD-APPROVE-RELEASE,FEAT-KNW-LEGAL-HOLD,أمر,CMD-LHD-APPROVE-RELEASE,
US-BC08-LHD-CANCEL-RELEASE,FEAT-KNW-LEGAL-HOLD,أمر,CMD-LHD-CANCEL-RELEASE,
US-BC08-LHD-EXTEND,FEAT-KNW-LEGAL-HOLD,أمر,CMD-LHD-EXTEND,
US-BC08-LHD-PLACE,FEAT-KNW-LEGAL-HOLD,أمر,CMD-LHD-PLACE,
US-BC08-LHD-REQUEST-RELEASE,FEAT-KNW-LEGAL-HOLD,أمر,CMD-LHD-REQUEST-RELEASE,
US-BC08-Q-LHD-CHECK,FEAT-KNW-LEGAL-HOLD,جلب,QRY-LHD-CHECK,
US-BC08-Q-LHD-LIST,FEAT-KNW-LEGAL-HOLD,جلب,QRY-LHD-LIST,
US-BC08-DSP-APPROVE,FEAT-KNW-DISPOSITION,أمر,CMD-DSP-APPROVE,
US-BC08-DSP-CANCEL,FEAT-KNW-DISPOSITION,أمر,CMD-DSP-CANCEL,
US-BC08-DSP-SUBMIT,FEAT-KNW-DISPOSITION,أمر,CMD-DSP-SUBMIT,
US-BC08-Q-DSP-GET,FEAT-KNW-DISPOSITION,جلب,QRY-DSP-GET,
US-BC08-S-DISPOSITION-RUN-01,FEAT-KNW-DISPOSITION,نظام,AGG-DISPOSITION-RUN|SYS:scheduled evaluation (daily)|['∅']→PLANNED,
US-BC08-S-DISPOSITION-RUN-02,FEAT-KNW-DISPOSITION,نظام,AGG-DISPOSITION-RUN|SYS:execution started|['APPROVED']→EXECUTING,
US-BC08-S-DISPOSITION-RUN-03,FEAT-KNW-DISPOSITION,نظام,AGG-DISPOSITION-RUN|SYS:all buckets processed|['EXECUTING']→COMPLETED,
US-BC08-S-DISPOSITION-RUN-04,FEAT-KNW-DISPOSITION,نظام,AGG-DISPOSITION-RUN|SYS:some buckets failed|['EXECUTING']→COMPLETED_WITH_EXCEPTIONS,
US-BC06-ARC-MIGRATE-FORMAT,FEAT-KNW-ARCHIVE-PRESERVE,أمر,CMD-ARC-MIGRATE-FORMAT,
US-BC06-ARC-REPAIR,FEAT-KNW-ARCHIVE-PRESERVE,أمر,CMD-ARC-REPAIR,
US-BC06-ARC-RETRY-INGEST,FEAT-KNW-ARCHIVE-PRESERVE,أمر,CMD-ARC-RETRY-INGEST,
US-BC06-ARC-TRANSFER,FEAT-KNW-ARCHIVE-PRESERVE,أمر,CMD-ARC-TRANSFER,
US-BC06-S-ARCHIVE-PACKAGE-01,FEAT-KNW-ARCHIVE-PRESERVE,نظام,AGG-ARCHIVE-PACKAGE|SYS:disposition action ARCHIVE for a bucket or record set|['∅']→INGESTING,
US-BC06-S-ARCHIVE-PACKAGE-02,FEAT-KNW-ARCHIVE-PRESERVE,نظام,AGG-ARCHIVE-PACKAGE|SYS:package validated|['INGESTING']→ARCHIVED,
US-BC06-S-ARCHIVE-PACKAGE-03,FEAT-KNW-ARCHIVE-PRESERVE,نظام,AGG-ARCHIVE-PACKAGE|SYS:validation failed|['INGESTING']→INGEST_FAILED,
US-BC06-S-ARCHIVE-PACKAGE-04,FEAT-KNW-ARCHIVE-PRESERVE,نظام,AGG-ARCHIVE-PACKAGE|SYS:integrity check failed|['ARCHIVED']→INTEGRITY_FAILED,
US-BC06-S-ARCHIVE-PACKAGE-05,FEAT-KNW-ARCHIVE-PRESERVE,نظام,"AGG-ARCHIVE-PACKAGE|SYS:disposition DESTROY executed for the package bucket|['ARCHIVED', 'INTEGRITY_FAILED']→DISPOSED",
US-BC06-Q-ARC-RETRIEVE,FEAT-KNW-ARCHIVE-RETRIEVE,جلب,QRY-ARC-RETRIEVE,
US-BC06-Q-ARC-SEARCH,FEAT-KNW-ARCHIVE-RETRIEVE,جلب,QRY-ARC-SEARCH,
US-BC06-REC-CANCEL,FEAT-KNW-RECONSTRUCTION,أمر,CMD-REC-CANCEL,
US-BC06-REC-REQUEST,FEAT-KNW-RECONSTRUCTION,أمر,CMD-REC-REQUEST,
US-BC06-Q-REC-REPORT,FEAT-KNW-RECONSTRUCTION,جلب,QRY-REC-REPORT,
US-BC06-S-RECONSTRUCTION-01,FEAT-KNW-RECONSTRUCTION,نظام,AGG-RECONSTRUCTION|SYS:worker started|['REQUESTED']→RUNNING,
US-BC06-S-RECONSTRUCTION-02,FEAT-KNW-RECONSTRUCTION,نظام,AGG-RECONSTRUCTION|SYS:completed|['RUNNING']→COMPLETED,
US-BC06-S-RECONSTRUCTION-03,FEAT-KNW-RECONSTRUCTION,نظام,AGG-RECONSTRUCTION|SYS:failed|['RUNNING']→FAILED,
US-BC07-AIR-CANCEL,FEAT-AI-ASSISTANT,أمر,CMD-AIR-CANCEL,
US-BC07-AIR-SUBMIT,FEAT-AI-ASSISTANT,أمر,CMD-AIR-SUBMIT,
US-BC07-Q-AIR-GET,FEAT-AI-ASSISTANT,جلب,QRY-AIR-GET,
US-BC07-S-AI-REQUEST-01,FEAT-AI-ASSISTANT,نظام,AGG-AI-REQUEST|SYS:policy denied|['RECEIVED']→REFUSED,
US-BC07-S-AI-REQUEST-04,FEAT-AI-ASSISTANT,نظام,AGG-AI-REQUEST|SYS:no sufficient evidence retrieved|['RETRIEVING']→INSUFFICIENT_EVIDENCE,
US-BC07-S-AI-REQUEST-07,FEAT-AI-ASSISTANT,نظام,"AGG-AI-REQUEST|SYS:error or timeout|['RETRIEVING', 'GENERATING']→FAILED",
US-BC07-Q-AIR-CONTEXT,FEAT-AI-GROUNDING,جلب,QRY-AIR-CONTEXT,
US-BC07-S-AI-REQUEST-02,FEAT-AI-GROUNDING,نظام,AGG-AI-REQUEST|SYS:retrieval started|['RECEIVED']→RETRIEVING,
US-BC07-S-AI-REQUEST-03,FEAT-AI-GROUNDING,نظام,AGG-AI-REQUEST|SYS:context package sealed|['RETRIEVING']→GENERATING,
US-BC07-S-AI-REQUEST-05,FEAT-AI-GROUNDING,نظام,AGG-AI-REQUEST|SYS:output grounded|['GENERATING']→COMPLETED,
US-BC07-S-AI-REQUEST-06,FEAT-AI-GROUNDING,نظام,AGG-AI-REQUEST|SYS:output not grounded|['GENERATING']→INSUFFICIENT_EVIDENCE,
US-BC07-RTG-ACTIVATE,FEAT-AI-ROUTING,أمر,CMD-RTG-ACTIVATE,
US-BC07-RTG-DISCARD,FEAT-AI-ROUTING,أمر,CMD-RTG-DISCARD,
US-BC07-RTG-DRAFT,FEAT-AI-ROUTING,أمر,CMD-RTG-DRAFT,
US-BC07-RTG-EDIT,FEAT-AI-ROUTING,أمر,CMD-RTG-EDIT,
US-BC07-Q-RTG-ACTIVE,FEAT-AI-ROUTING,جلب,QRY-RTG-ACTIVE,
US-BC07-S-AI-ROUTING-01,FEAT-AI-ROUTING,نظام,AGG-AI-ROUTING|SYS:successor activated|['ACTIVE']→SUPERSEDED,
US-BC07-TOL-ACTIVATE,FEAT-AI-TOOLS,أمر,CMD-TOL-ACTIVATE,
US-BC07-TOL-DISABLE,FEAT-AI-TOOLS,أمر,CMD-TOL-DISABLE,
US-BC07-TOL-ENABLE,FEAT-AI-TOOLS,أمر,CMD-TOL-ENABLE,
US-BC07-TOL-REGISTER,FEAT-AI-TOOLS,أمر,CMD-TOL-REGISTER,
US-BC07-TOL-RETIRE,FEAT-AI-TOOLS,أمر,CMD-TOL-RETIRE,
US-BC07-Q-TOL-LIST,FEAT-AI-TOOLS,جلب,QRY-TOL-LIST,
US-BC07-AIRS-ACCEPT,FEAT-AI-RESULT-REVIEW,أمر,CMD-AIRS-ACCEPT,
US-BC07-AIRS-ACCEPT-PARTIALLY,FEAT-AI-RESULT-REVIEW,أمر,CMD-AIRS-ACCEPT-PARTIALLY,
US-BC07-AIRS-REJECT,FEAT-AI-RESULT-REVIEW,أمر,CMD-AIRS-REJECT,
US-BC07-AIRS-START-REVIEW,FEAT-AI-RESULT-REVIEW,أمر,CMD-AIRS-START-REVIEW,
US-BC07-Q-AIRS-QUEUE,FEAT-AI-RESULT-REVIEW,جلب,QRY-AIRS-QUEUE,
US-BC07-S-AI-RESULT-01,FEAT-AI-RESULT-REVIEW,نظام,AGG-AI-RESULT|SYS:request COMPLETED for a reviewable operation|['∅']→PROPOSED,
US-BC07-MDL-APPROVE,FEAT-AI-MODEL-APPROVAL,أمر,CMD-MDL-APPROVE,
US-BC07-MDL-FAIL-EVALUATION,FEAT-AI-MODEL-APPROVAL,أمر,CMD-MDL-FAIL-EVALUATION,
US-BC07-MDL-PROMOTE,FEAT-AI-MODEL-APPROVAL,أمر,CMD-MDL-PROMOTE,
US-BC07-MDL-REGISTER,FEAT-AI-MODEL-APPROVAL,أمر,CMD-MDL-REGISTER,
US-BC07-MDL-STAGE,FEAT-AI-MODEL-APPROVAL,أمر,CMD-MDL-STAGE,
US-BC07-MDL-START-EVALUATION,FEAT-AI-MODEL-APPROVAL,أمر,CMD-MDL-START-EVALUATION,
US-BC07-Q-MDL-LIST,FEAT-AI-MODEL-APPROVAL,جلب,QRY-MDL-LIST,
US-BC07-MDL-DEPRECATE,FEAT-AI-MODEL-MONITOR,أمر,CMD-MDL-DEPRECATE,
US-BC07-MDL-REINSTATE,FEAT-AI-MODEL-MONITOR,أمر,CMD-MDL-REINSTATE,
US-BC07-MDL-RETIRE,FEAT-AI-MODEL-MONITOR,أمر,CMD-MDL-RETIRE,
US-BC07-Q-AI-USAGE,FEAT-AI-MODEL-MONITOR,جلب,QRY-AI-USAGE,
US-BC07-S-MODEL-VERSION-01,FEAT-AI-MODEL-MONITOR,نظام,AGG-MODEL-VERSION|SYS:monitoring drift detected|['PRODUCTION']→(بلا تغيير),
US-BC07-EVS-ACTIVATE,FEAT-AI-EVAL-SUITES,أمر,CMD-EVS-ACTIVATE,
US-BC07-EVS-DRAFT,FEAT-AI-EVAL-SUITES,أمر,CMD-EVS-DRAFT,
US-BC07-EVS-EDIT,FEAT-AI-EVAL-SUITES,أمر,CMD-EVS-EDIT,
US-BC07-S-EVAL-SUITE-01,FEAT-AI-EVAL-SUITES,نظام,AGG-EVAL-SUITE|SYS:successor activated|['ACTIVE']→SUPERSEDED,
US-BC08-CLS-ACTIVATE,FEAT-GOV-CLASSIFICATION,أمر,CMD-CLS-ACTIVATE,
US-BC08-CLS-DISCARD,FEAT-GOV-CLASSIFICATION,أمر,CMD-CLS-DISCARD,
US-BC08-CLS-DRAFT,FEAT-GOV-CLASSIFICATION,أمر,CMD-CLS-DRAFT,
US-BC08-CLS-EDIT,FEAT-GOV-CLASSIFICATION,أمر,CMD-CLS-EDIT,
US-BC08-Q-CLS-ACTIVE,FEAT-GOV-CLASSIFICATION,جلب,QRY-CLS-ACTIVE,
US-BC08-S-CLASSIFICATION-SCHEME-01,FEAT-GOV-CLASSIFICATION,نظام,AGG-CLASSIFICATION-SCHEME|SYS:successor activated|['ACTIVE']→SUPERSEDED,
US-BC01-CLR-APPROVE,FEAT-GOV-CLEARANCE,أمر,CMD-CLR-APPROVE,
US-BC01-CLR-GRANT,FEAT-GOV-CLEARANCE,أمر,CMD-CLR-GRANT,
US-BC01-CLR-MODIFY,FEAT-GOV-CLEARANCE,أمر,CMD-CLR-MODIFY,
US-BC01-CLR-REINSTATE,FEAT-GOV-CLEARANCE,أمر,CMD-CLR-REINSTATE,
US-BC01-CLR-REVOKE,FEAT-GOV-CLEARANCE,أمر,CMD-CLR-REVOKE,
US-BC01-CLR-SUSPEND,FEAT-GOV-CLEARANCE,أمر,CMD-CLR-SUSPEND,
US-BC01-Q-CLR-GET,FEAT-GOV-CLEARANCE,جلب,QRY-CLR-GET,
US-BC01-S-CLEARANCE-01,FEAT-GOV-CLEARANCE,نظام,"AGG-CLEARANCE|SYS:valid_to reached|['ACTIVE', 'SUSPENDED']→EXPIRED",
US-BC08-EXC-APPROVE,FEAT-GOV-EXCEPTIONS,أمر,CMD-EXC-APPROVE,
US-BC08-EXC-REJECT,FEAT-GOV-EXCEPTIONS,أمر,CMD-EXC-REJECT,
US-BC08-EXC-REQUEST,FEAT-GOV-EXCEPTIONS,أمر,CMD-EXC-REQUEST,
US-BC08-EXC-REVOKE,FEAT-GOV-EXCEPTIONS,أمر,CMD-EXC-REVOKE,
US-BC08-Q-EXC-LIST,FEAT-GOV-EXCEPTIONS,جلب,QRY-EXC-LIST,
US-BC08-S-SECURITY-EXCEPTION-01,FEAT-GOV-EXCEPTIONS,نظام,AGG-SECURITY-EXCEPTION|SYS:end reached|['ACTIVE']→EXPIRED,
US-BC08-Q-AUD-SEARCH,FEAT-GOV-AUDIT-TRAIL,جلب,QRY-AUD-SEARCH,
US-BC08-Q-AUD-VERIFY,FEAT-GOV-AUDIT-TRAIL,جلب,QRY-AUD-VERIFY,
US-BC01-PER-ERASE,FEAT-GOV-ERASURE,أمر,CMD-PER-ERASE,
US-BC08-ERS-APPROVE,FEAT-GOV-ERASURE,أمر,CMD-ERS-APPROVE,
US-BC08-ERS-REGISTER,FEAT-GOV-ERASURE,أمر,CMD-ERS-REGISTER,
US-BC08-ERS-REJECT,FEAT-GOV-ERASURE,أمر,CMD-ERS-REJECT,
US-BC08-Q-ERS-GET,FEAT-GOV-ERASURE,جلب,QRY-ERS-GET,
US-BC08-S-ERASURE-REQUEST-01,FEAT-GOV-ERASURE,نظام,AGG-ERASURE-REQUEST|SYS:subject scope resolved|['RECEIVED']→SCOPED,
US-BC08-S-ERASURE-REQUEST-02,FEAT-GOV-ERASURE,نظام,AGG-ERASURE-REQUEST|SYS:hold matches subject|['APPROVED']→BLOCKED_BY_HOLD,
US-BC08-S-ERASURE-REQUEST-03,FEAT-GOV-ERASURE,نظام,AGG-ERASURE-REQUEST|SYS:hold released|['BLOCKED_BY_HOLD']→APPROVED,
US-BC08-S-ERASURE-REQUEST-04,FEAT-GOV-ERASURE,نظام,AGG-ERASURE-REQUEST|SYS:execution started|['APPROVED']→EXECUTING,
US-BC08-S-ERASURE-REQUEST-05,FEAT-GOV-ERASURE,نظام,AGG-ERASURE-REQUEST|SYS:all contexts confirmed|['EXECUTING']→COMPLETED,
US-BC01-TEN-UPDATE-QUOTAS,FEAT-PLT-TENANT-QUOTAS,أمر,CMD-TEN-UPDATE-QUOTAS,
US-BC01-TEN-COMPLETE-CELL-MIGRATION,FEAT-PLT-CELL-MIGRATION,أمر,CMD-TEN-COMPLETE-CELL-MIGRATION,
US-BC01-TEN-START-CELL-MIGRATION,FEAT-PLT-CELL-MIGRATION,أمر,CMD-TEN-START-CELL-MIGRATION,
